Description,Native,Bytes,R-encoding,score
AERIAL TRAMWAY,🚡,\xF0\x9F\x9A\xA1,<ed><a0><bd><ed><ba><a1>,0
AIRPLANE,✈,\xE2\x9C\x88,<e2><9c><88>,0
ALARM CLOCK,⏰,\xE2\x8F\xB0,<e2><8f><b0>,0
ALIEN MONSTER,👾,\xF0\x9F\x91\xBE,<ed><a0><bd><ed><b1><be>,0
AMBULANCE,🚑,\xF0\x9F\x9A\x91,<ed><a0><bd><ed><ba><91>,0
AMERICAN FOOTBALL,🏈,\xF0\x9F\x8F\x88,<ed><a0><bc><ed><bf><88>,0
ANCHOR,⚓,\xE2\x9A\x93,<e2><9a><93>,0
ANGER SYMBOL,💢,\xF0\x9F\x92\xA2,<ed><a0><bd><ed><b2><a2>,0
ANGRY FACE,😠,\xF0\x9F\x98\xA0,<ed><a0><bd><ed><b8><a0>,-9
ANGUISHED FACE,😧,\xF0\x9F\x98\xA7,<ed><a0><bd><ed><b8><a7>,-9
ANT,🐜,\xF0\x9F\x90\x9C,<ed><a0><bd><ed><b0><9c>,0
ANTENNA WITH BARS,📶,\xF0\x9F\x93\xB6,<ed><a0><bd><ed><b3><b6>,0
ANTICLOCKWISE DOWNWARDS AND UPWARDS OPEN CIRCLE ARROWS,🔄,\xF0\x9F\x94\x84,<ed><a0><bd><ed><b4><84>,0
AQUARIUS,♒,\xE2\x99\x92,<e2><99><92>,0
ARIES,♈,\xE2\x99\x88,<e2><99><88>,0
ARROW POINTING RIGHTWARDS THEN CURVING DOWNWARDS,⤵,\xE2\xA4\xB5,<e2><a4><b5>,0
ARROW POINTING RIGHTWARDS THEN CURVING UPWARDS,⤴,\xE2\xA4\xB4,<e2><a4><b4>,0
ARTICULATED LORRY,🚛,\xF0\x9F\x9A\x9B,<ed><a0><bd><ed><ba><9b>,0
ARTIST PALETTE,🎨,\xF0\x9F\x8E\xA8,<ed><a0><bc><ed><be><a8>,0
ASTONISHED FACE,😲,\xF0\x9F\x98\xB2,<ed><a0><bd><ed><b8><b2>,-9
ATHLETIC SHOE,👟,\xF0\x9F\x91\x9F,<ed><a0><bd><ed><b1><9f>,0
AUBERGINE,🍆,\xF0\x9F\x8D\x86,<ed><a0><bc><ed><bd><86>,0
AUTOMATED TELLER MACHINE,🏧,\xF0\x9F\x8F\xA7,<ed><a0><bc><ed><bf><a7>,0
AUTOMOBILE,🚗,\xF0\x9F\x9A\x97,<ed><a0><bd><ed><ba><97>,0
BABY,👶,\xF0\x9F\x91\xB6,<ed><a0><bd><ed><b1><b6>,9
BABY ANGEL,👼,\xF0\x9F\x91\xBC,<ed><a0><bd><ed><b1><bc>,9
BABY BOTTLE,🍼,\xF0\x9F\x8D\xBC,<ed><a0><bc><ed><bd><bc>,0
BABY CHICK,🐤,\xF0\x9F\x90\xA4,<ed><a0><bd><ed><b0><a4>,0
BABY SYMBOL,🚼,\xF0\x9F\x9A\xBC,<ed><a0><bd><ed><ba><bc>,0
BACK WITH LEFTWARDS ARROW ABOVE,🔙,\xF0\x9F\x94\x99,<ed><a0><bd><ed><b4><99>,0
BACTRIAN CAMEL,🐫,\xF0\x9F\x90\xAB,<ed><a0><bd><ed><b0><ab>,0
BAGGAGE CLAIM,🛄,\xF0\x9F\x9B\x84,<ed><a0><bd><ed><bb><84>,0
BALLOON,🎈,\xF0\x9F\x8E\x88,<ed><a0><bc><ed><be><88>,0
BALLOT BOX WITH CHECK,☑,\xE2\x98\x91,<e2><98><91>,0
BANANA,🍌,\xF0\x9F\x8D\x8C,<ed><a0><bc><ed><bd><8c>,0
BANK,🏦,\xF0\x9F\x8F\xA6,<ed><a0><bc><ed><bf><a6>,0
BANKNOTE WITH DOLLAR SIGN,💵,\xF0\x9F\x92\xB5,<ed><a0><bd><ed><b2><b5>,0
BANKNOTE WITH EURO SIGN,💶,\xF0\x9F\x92\xB6,<ed><a0><bd><ed><b2><b6>,0
BANKNOTE WITH POUND SIGN,💷,\xF0\x9F\x92\xB7,<ed><a0><bd><ed><b2><b7>,0
BANKNOTE WITH YEN SIGN,💴,\xF0\x9F\x92\xB4,<ed><a0><bd><ed><b2><b4>,0
BAR CHART,📊,\xF0\x9F\x93\x8A,<ed><a0><bd><ed><b3><8a>,0
BARBER POLE,💈,\xF0\x9F\x92\x88,<ed><a0><bd><ed><b2><88>,0
BASEBALL,⚾,\xE2\x9A\xBE,<e2><9a><be>,0
BASKETBALL AND HOOP,🏀,\xF0\x9F\x8F\x80,<ed><a0><bc><ed><bf><80>,0
BATH,🛀,\xF0\x9F\x9B\x80,<ed><a0><bd><ed><bb><80>,0
BATHTUB,🛁,\xF0\x9F\x9B\x81,<ed><a0><bd><ed><bb><81>,0
BATTERY,🔋,\xF0\x9F\x94\x8B,<ed><a0><bd><ed><b4><8b>,0
BEAR FACE,🐻,\xF0\x9F\x90\xBB,<ed><a0><bd><ed><b0><bb>,0
BEATING HEART,💓,\xF0\x9F\x92\x93,<ed><a0><bd><ed><b2><93>,9
BEER MUG,🍺,\xF0\x9F\x8D\xBA,<ed><a0><bc><ed><bd><ba>,0
BELL,🔔,\xF0\x9F\x94\x94,<ed><a0><bd><ed><b4><94>,0
BELL WITH CANCELLATION STROKE,🔕,\xF0\x9F\x94\x95,<ed><a0><bd><ed><b4><95>,0
BENTO BOX,🍱,\xF0\x9F\x8D\xB1,<ed><a0><bc><ed><bd><b1>,0
BICYCLE,🚲,\xF0\x9F\x9A\xB2,<ed><a0><bd><ed><ba><b2>,0
BICYCLIST,🚴,\xF0\x9F\x9A\xB4,<ed><a0><bd><ed><ba><b4>,0
BIKINI,👙,\xF0\x9F\x91\x99,<ed><a0><bd><ed><b1><99>,0
BILLIARDS,🎱,\xF0\x9F\x8E\xB1,<ed><a0><bc><ed><be><b1>,0
BIRD,🐦,\xF0\x9F\x90\xA6,<ed><a0><bd><ed><b0><a6>,0
BIRTHDAY CAKE,🎂,\xF0\x9F\x8E\x82,<ed><a0><bc><ed><be><82>,9
BLACK CLUB SUIT,♣,\xE2\x99\xA3,<e2><99><a3>,0
BLACK DIAMOND SUIT,♦,\xE2\x99\xA6,<e2><99><a6>,0
BLACK DOWN-POINTING DOUBLE TRIANGLE,⏬,\xE2\x8F\xAC,<e2><8f><ac>,0
BLACK HEART SUIT,♥,\xE2\x99\xA5,<e2><99><a5>,0
BLACK LARGE SQUARE,⬛,\xE2\xAC\x9B,<e2><ac><9b>,0
BLACK LEFT-POINTING DOUBLE TRIANGLE,⏪,\xE2\x8F\xAA,<e2><8f><aa>,0
BLACK LEFT-POINTING TRIANGLE,◀,\xE2\x97\x80,<e2><97><80>,0
BLACK MEDIUM SMALL SQUARE,◾,\xE2\x97\xBE,<e2><97><be>,0
BLACK MEDIUM SQUARE,◼,\xE2\x97\xBC,<e2><97><bc>,0
BLACK NIB,✒,\xE2\x9C\x92,<e2><9c><92>,0
BLACK QUESTION MARK ORNAMENT,❓,\xE2\x9D\x93,<e2><9d><93>,0
BLACK RIGHT-POINTING DOUBLE TRIANGLE,⏩,\xE2\x8F\xA9,<e2><8f><a9>,0
BLACK RIGHT-POINTING TRIANGLE,▶,\xE2\x96\xB6,<e2><96><b6>,0
BLACK RIGHTWARDS ARROW,➡,\xE2\x9E\xA1,<e2><9e><a1>,0
BLACK SCISSORS,✂,\xE2\x9C\x82,<e2><9c><82>,0
BLACK SMALL SQUARE,▪,\xE2\x96\xAA,<e2><96><aa>,0
BLACK SPADE SUIT,♠,\xE2\x99\xA0,<e2><99><a0>,0
BLACK SQUARE BUTTON,🔲,\xF0\x9F\x94\xB2,<ed><a0><bd><ed><b4><b2>,0
BLACK SUN WITH RAYS,☀,\xE2\x98\x80,<e2><98><80>,0
BLACK TELEPHONE,☎,\xE2\x98\x8E,<e2><98><8e>,0
BLACK UNIVERSAL RECYCLING SYMBOL,♻,\xE2\x99\xBB,<e2><99><bb>,0
BLACK UP-POINTING DOUBLE TRIANGLE,⏫,\xE2\x8F\xAB,<e2><8f><ab>,0
BLOSSOM,🌼,\xF0\x9F\x8C\xBC,<ed><a0><bc><ed><bc><bc>,0
BLOWFISH,🐡,\xF0\x9F\x90\xA1,<ed><a0><bd><ed><b0><a1>,0
BLUE BOOK,📘,\xF0\x9F\x93\x98,<ed><a0><bd><ed><b3><98>,0
BLUE HEART,💙,\xF0\x9F\x92\x99,<ed><a0><bd><ed><b2><99>,9
BOAR,🐗,\xF0\x9F\x90\x97,<ed><a0><bd><ed><b0><97>,0
BOMB,💣,\xF0\x9F\x92\xA3,<ed><a0><bd><ed><b2><a3>,0
BOOKMARK,🔖,\xF0\x9F\x94\x96,<ed><a0><bd><ed><b4><96>,0
BOOKMARK TABS,📑,\xF0\x9F\x93\x91,<ed><a0><bd><ed><b3><91>,0
BOOKS,📚,\xF0\x9F\x93\x9A,<ed><a0><bd><ed><b3><9a>,0
BOUQUET,💐,\xF0\x9F\x92\x90,<ed><a0><bd><ed><b2><90>,0
BOWLING,🎳,\xF0\x9F\x8E\xB3,<ed><a0><bc><ed><be><b3>,0
BOY,👦,\xF0\x9F\x91\xA6,<ed><a0><bd><ed><b1><a6>,9
BREAD,🍞,\xF0\x9F\x8D\x9E,<ed><a0><bc><ed><bd><9e>,0
BRIDE WITH VEIL,👰,\xF0\x9F\x91\xB0,<ed><a0><bd><ed><b1><b0>,9
BRIDGE AT NIGHT,🌉,\xF0\x9F\x8C\x89,<ed><a0><bc><ed><bc><89>,0
BRIEFCASE,💼,\xF0\x9F\x92\xBC,<ed><a0><bd><ed><b2><bc>,0
BROKEN HEART,💔,\xF0\x9F\x92\x94,<ed><a0><bd><ed><b2><94>,-9
BUG,🐛,\xF0\x9F\x90\x9B,<ed><a0><bd><ed><b0><9b>,0
BUS,🚌,\xF0\x9F\x9A\x8C,<ed><a0><bd><ed><ba><8c>,0
BUS STOP,🚏,\xF0\x9F\x9A\x8F,<ed><a0><bd><ed><ba><8f>,0
BUST IN SILHOUETTE,👤,\xF0\x9F\x91\xA4,<ed><a0><bd><ed><b1><a4>,0
BUSTS IN SILHOUETTE,👥,\xF0\x9F\x91\xA5,<ed><a0><bd><ed><b1><a5>,0
CACTUS,🌵,\xF0\x9F\x8C\xB5,<ed><a0><bc><ed><bc><b5>,0
CALENDAR,📅,\xF0\x9F\x93\x85,<ed><a0><bd><ed><b3><85>,0
CAMERA,📷,\xF0\x9F\x93\xB7,<ed><a0><bd><ed><b3><b7>,0
CANCER,♋,\xE2\x99\x8B,<e2><99><8b>,0
CANDY,🍬,\xF0\x9F\x8D\xAC,<ed><a0><bc><ed><bd><ac>,0
CAPRICORN,♑,\xE2\x99\x91,<e2><99><91>,0
CARD INDEX,📇,\xF0\x9F\x93\x87,<ed><a0><bd><ed><b3><87>,0
CAROUSEL HORSE,🎠,\xF0\x9F\x8E\xA0,<ed><a0><bc><ed><be><a0>,0
CARP STREAMER,🎏,\xF0\x9F\x8E\x8F,<ed><a0><bc><ed><be><8f>,0
CAT,🐈,\xF0\x9F\x90\x88,<ed><a0><bd><ed><b0><88>,0
CAT FACE,🐱,\xF0\x9F\x90\xB1,<ed><a0><bd><ed><b0><b1>,0
CAT FACE WITH TEARS OF JOY,😹,\xF0\x9F\x98\xB9,<ed><a0><bd><ed><b8><b9>,9
CAT FACE WITH WRY SMILE,😼,\xF0\x9F\x98\xBC,<ed><a0><bd><ed><b8><bc>,9
CHART WITH DOWNWARDS TREND,📉,\xF0\x9F\x93\x89,<ed><a0><bd><ed><b3><89>,0
CHART WITH UPWARDS TREND,📈,\xF0\x9F\x93\x88,<ed><a0><bd><ed><b3><88>,0
CHART WITH UPWARDS TREND AND YEN SIGN,💹,\xF0\x9F\x92\xB9,<ed><a0><bd><ed><b2><b9>,0
CHEERING MEGAPHONE,📣,\xF0\x9F\x93\xA3,<ed><a0><bd><ed><b3><a3>,0
CHEQUERED FLAG,🏁,\xF0\x9F\x8F\x81,<ed><a0><bc><ed><bf><81>,0
CHERRIES,🍒,\xF0\x9F\x8D\x92,<ed><a0><bc><ed><bd><92>,0
CHERRY BLOSSOM,🌸,\xF0\x9F\x8C\xB8,<ed><a0><bc><ed><bc><b8>,0
CHESTNUT,🌰,\xF0\x9F\x8C\xB0,<ed><a0><bc><ed><bc><b0>,0
CHICKEN,🐔,\xF0\x9F\x90\x94,<ed><a0><bd><ed><b0><94>,0
CHILDREN CROSSING,🚸,\xF0\x9F\x9A\xB8,<ed><a0><bd><ed><ba><b8>,0
CHOCOLATE BAR,🍫,\xF0\x9F\x8D\xAB,<ed><a0><bc><ed><bd><ab>,0
CHRISTMAS TREE,🎄,\xF0\x9F\x8E\x84,<ed><a0><bc><ed><be><84>,0
CHURCH,⛪,\xE2\x9B\xAA,<e2><9b><aa>,0
CINEMA,🎦,\xF0\x9F\x8E\xA6,<ed><a0><bc><ed><be><a6>,0
CIRCLED IDEOGRAPH ACCEPT,🉑,\xF0\x9F\x89\x91,<ed><a0><bc><ed><b9><91>,0
CIRCLED IDEOGRAPH ADVANTAGE,🉐,\xF0\x9F\x89\x90,<ed><a0><bc><ed><b9><90>,0
CIRCLED IDEOGRAPH CONGRATULATION,㊗,\xE3\x8A\x97,<e3><8a><97>,0
CIRCLED IDEOGRAPH SECRET,㊙,\xE3\x8A\x99,<e3><8a><99>,0
CIRCLED LATIN CAPITAL LETTER M,Ⓜ,\xE2\x93\x82,<e2><93><82>,0
CIRCUS TENT,🎪,\xF0\x9F\x8E\xAA,<ed><a0><bc><ed><be><aa>,0
CITYSCAPE AT DUSK,🌆,\xF0\x9F\x8C\x86,<ed><a0><bc><ed><bc><86>,0
CLAPPER BOARD,🎬,\xF0\x9F\x8E\xAC,<ed><a0><bc><ed><be><ac>,0
CLAPPING HANDS SIGN,👏,\xF0\x9F\x91\x8F,<ed><a0><bd><ed><b1><8f>,9
CLINKING BEER MUGS,🍻,\xF0\x9F\x8D\xBB,<ed><a0><bc><ed><bd><bb>,0
CLIPBOARD,📋,\xF0\x9F\x93\x8B,<ed><a0><bd><ed><b3><8b>,0
CLOCK FACE EIGHT OCLOCK,🕗,\xF0\x9F\x95\x97,<ed><a0><bd><ed><b5><97>,0
CLOCK FACE EIGHT-THIRTY,🕣,\xF0\x9F\x95\xA3,<ed><a0><bd><ed><b5><a3>,0
CLOCK FACE ELEVEN OCLOCK,🕚,\xF0\x9F\x95\x9A,<ed><a0><bd><ed><b5><9a>,0
CLOCK FACE ELEVEN-THIRTY,🕦,\xF0\x9F\x95\xA6,<ed><a0><bd><ed><b5><a6>,0
CLOCK FACE FIVE OCLOCK,🕔,\xF0\x9F\x95\x94,<ed><a0><bd><ed><b5><94>,0
CLOCK FACE FIVE-THIRTY,🕠,\xF0\x9F\x95\xA0,<ed><a0><bd><ed><b5><a0>,0
CLOCK FACE FOUR OCLOCK,🕓,\xF0\x9F\x95\x93,<ed><a0><bd><ed><b5><93>,0
CLOCK FACE FOUR-THIRTY,🕟,\xF0\x9F\x95\x9F,<ed><a0><bd><ed><b5><9f>,0
CLOCK FACE NINE OCLOCK,🕘,\xF0\x9F\x95\x98,<ed><a0><bd><ed><b5><98>,0
CLOCK FACE NINE-THIRTY,🕤,\xF0\x9F\x95\xA4,<ed><a0><bd><ed><b5><a4>,0
CLOCK FACE ONE OCLOCK,🕐,\xF0\x9F\x95\x90,<ed><a0><bd><ed><b5><90>,0
CLOCK FACE ONE-THIRTY,🕜,\xF0\x9F\x95\x9C,<ed><a0><bd><ed><b5><9c>,0
CLOCK FACE SEVEN OCLOCK,🕖,\xF0\x9F\x95\x96,<ed><a0><bd><ed><b5><96>,0
CLOCK FACE SEVEN-THIRTY,🕢,\xF0\x9F\x95\xA2,<ed><a0><bd><ed><b5><a2>,0
CLOCK FACE SIX OCLOCK,🕕,\xF0\x9F\x95\x95,<ed><a0><bd><ed><b5><95>,0
CLOCK FACE SIX-THIRTY,🕡,\xF0\x9F\x95\xA1,<ed><a0><bd><ed><b5><a1>,0
CLOCK FACE TEN OCLOCK,🕙,\xF0\x9F\x95\x99,<ed><a0><bd><ed><b5><99>,0
CLOCK FACE TEN-THIRTY,🕥,\xF0\x9F\x95\xA5,<ed><a0><bd><ed><b5><a5>,0
CLOCK FACE THREE OCLOCK,🕒,\xF0\x9F\x95\x92,<ed><a0><bd><ed><b5><92>,0
CLOCK FACE THREE-THIRTY,🕞,\xF0\x9F\x95\x9E,<ed><a0><bd><ed><b5><9e>,0
CLOCK FACE TWELVE OCLOCK,🕛,\xF0\x9F\x95\x9B,<ed><a0><bd><ed><b5><9b>,0
CLOCK FACE TWELVE-THIRTY,🕧,\xF0\x9F\x95\xA7,<ed><a0><bd><ed><b5><a7>,0
CLOCK FACE TWO OCLOCK,🕑,\xF0\x9F\x95\x91,<ed><a0><bd><ed><b5><91>,0
CLOCK FACE TWO-THIRTY,🕝,\xF0\x9F\x95\x9D,<ed><a0><bd><ed><b5><9d>,0
CLOCKWISE DOWNWARDS AND UPWARDS OPEN CIRCLE ARROWS,🔃,\xF0\x9F\x94\x83,<ed><a0><bd><ed><b4><83>,0
CLOCKWISE RIGHTWARDS AND LEFTWARDS OPEN CIRCLE ARROWS,🔁,\xF0\x9F\x94\x81,<ed><a0><bd><ed><b4><81>,0
CLOCKWISE RIGHTWARDS AND LEFTWARDS OPEN CIRCLE ARROWS WITH CIRCLED ONE OVERLAY,🔂,\xF0\x9F\x94\x82,<ed><a0><bd><ed><b4><82>,0
CLOSED BOOK,📕,\xF0\x9F\x93\x95,<ed><a0><bd><ed><b3><95>,0
CLOSED LOCK WITH KEY,🔐,\xF0\x9F\x94\x90,<ed><a0><bd><ed><b4><90>,0
CLOSED MAILBOX WITH LOWERED FLAG,📪,\xF0\x9F\x93\xAA,<ed><a0><bd><ed><b3><aa>,0
CLOSED MAILBOX WITH RAISED FLAG,📫,\xF0\x9F\x93\xAB,<ed><a0><bd><ed><b3><ab>,0
CLOSED UMBRELLA,🌂,\xF0\x9F\x8C\x82,<ed><a0><bc><ed><bc><82>,0
CLOUD,☁,\xE2\x98\x81,<e2><98><81>,0
COCKTAIL GLASS,🍸,\xF0\x9F\x8D\xB8,<ed><a0><bc><ed><bd><b8>,9
COLLISION SYMBOL,💥,\xF0\x9F\x92\xA5,<ed><a0><bd><ed><b2><a5>,0
CONFETTI BALL,🎊,\xF0\x9F\x8E\x8A,<ed><a0><bc><ed><be><8a>,0
CONFOUNDED FACE,😖,\xF0\x9F\x98\x96,<ed><a0><bd><ed><b8><96>,-9
CONFUSED FACE,😕,\xF0\x9F\x98\x95,<ed><a0><bd><ed><b8><95>,-9
CONSTRUCTION SIGN,🚧,\xF0\x9F\x9A\xA7,<ed><a0><bd><ed><ba><a7>,0
CONSTRUCTION WORKER,👷,\xF0\x9F\x91\xB7,<ed><a0><bd><ed><b1><b7>,0
CONVENIENCE STORE,🏪,\xF0\x9F\x8F\xAA,<ed><a0><bc><ed><bf><aa>,0
COOKED RICE,🍚,\xF0\x9F\x8D\x9A,<ed><a0><bc><ed><bd><9a>,0
COOKIE,🍪,\xF0\x9F\x8D\xAA,<ed><a0><bc><ed><bd><aa>,0
COOKING,🍳,\xF0\x9F\x8D\xB3,<ed><a0><bc><ed><bd><b3>,0
COPYRIGHT SIGN,©,\xC2\xA9,<c2><a9>,0
COUPLE WITH HEART,💑,\xF0\x9F\x92\x91,<ed><a0><bd><ed><b2><91>,9
COW,🐄,\xF0\x9F\x90\x84,<ed><a0><bd><ed><b0><84>,0
COW FACE,🐮,\xF0\x9F\x90\xAE,<ed><a0><bd><ed><b0><ae>,0
CREDIT CARD,💳,\xF0\x9F\x92\xB3,<ed><a0><bd><ed><b2><b3>,0
CRESCENT MOON,🌙,\xF0\x9F\x8C\x99,<ed><a0><bc><ed><bc><99>,0
CROCODILE,🐊,\xF0\x9F\x90\x8A,<ed><a0><bd><ed><b0><8a>,0
CROSS MARK,❌,\xE2\x9D\x8C,<e2><9d><8c>,0
CROSSED FLAGS,🎌,\xF0\x9F\x8E\x8C,<ed><a0><bc><ed><be><8c>,0
CROWN,👑,\xF0\x9F\x91\x91,<ed><a0><bd><ed><b1><91>,0
CRYING CAT FACE,😿,\xF0\x9F\x98\xBF,<ed><a0><bd><ed><b8><bf>,-9
CRYING FACE,😢,\xF0\x9F\x98\xA2,<ed><a0><bd><ed><b8><a2>,-9
CRYSTAL BALL,🔮,\xF0\x9F\x94\xAE,<ed><a0><bd><ed><b4><ae>,0
CURLY LOOP,➰,\xE2\x9E\xB0,<e2><9e><b0>,0
CURRENCY EXCHANGE,💱,\xF0\x9F\x92\xB1,<ed><a0><bd><ed><b2><b1>,0
CURRY AND RICE,🍛,\xF0\x9F\x8D\x9B,<ed><a0><bc><ed><bd><9b>,0
CUSTARD,🍮,\xF0\x9F\x8D\xAE,<ed><a0><bc><ed><bd><ae>,0
CUSTOMS,🛃,\xF0\x9F\x9B\x83,<ed><a0><bd><ed><bb><83>,0
CYCLONE,🌀,\xF0\x9F\x8C\x80,<ed><a0><bc><ed><bc><80>,0
DANCER,💃,\xF0\x9F\x92\x83,<ed><a0><bd><ed><b2><83>,9
DANGO,🍡,\xF0\x9F\x8D\xA1,<ed><a0><bc><ed><bd><a1>,0
DASH SYMBOL,💨,\xF0\x9F\x92\xA8,<ed><a0><bd><ed><b2><a8>,0
DECIDUOUS TREE,🌳,\xF0\x9F\x8C\xB3,<ed><a0><bc><ed><bc><b3>,0
DELIVERY TRUCK,🚚,\xF0\x9F\x9A\x9A,<ed><a0><bd><ed><ba><9a>,0
DEPARTMENT STORE,🏬,\xF0\x9F\x8F\xAC,<ed><a0><bc><ed><bf><ac>,0
DIAMOND SHAPE WITH A DOT INSIDE,💠,\xF0\x9F\x92\xA0,<ed><a0><bd><ed><b2><a0>,0
DIGIT EIGHT + COMBINING ENCLOSING KEYCAP,8⃣,\x38\xE2\x83\xA3,8<e2><83><a3>,0
DIGIT FIVE + COMBINING ENCLOSING KEYCAP,5⃣,\x35\xE2\x83\xA3,5<e2><83><a3>,0
DIGIT FOUR + COMBINING ENCLOSING KEYCAP,4⃣,\x34\xE2\x83\xA3,4<e2><83><a3>,0
DIGIT NINE + COMBINING ENCLOSING KEYCAP,9⃣,\x39\xE2\x83\xA3,9<e2><83><a3>,0
DIGIT ONE + COMBINING ENCLOSING KEYCAP,1⃣,\x31\xE2\x83\xA3,1<e2><83><a3>,0
DIGIT SEVEN + COMBINING ENCLOSING KEYCAP,7⃣,\x37\xE2\x83\xA3,7<e2><83><a3>,0
DIGIT SIX + COMBINING ENCLOSING KEYCAP,6⃣,\x36\xE2\x83\xA3,6<e2><83><a3>,0
DIGIT THREE + COMBINING ENCLOSING KEYCAP,3⃣,\x33\xE2\x83\xA3,3<e2><83><a3>,0
DIGIT TWO + COMBINING ENCLOSING KEYCAP,2⃣,\x32\xE2\x83\xA3,2<e2><83><a3>,0
DIGIT ZERO + COMBINING ENCLOSING KEYCAP,0⃣,\x30\xE2\x83\xA3,0<e2><83><a3>,0
DIRECT HIT,🎯,\xF0\x9F\x8E\xAF,<ed><a0><bc><ed><be><af>,0
DISAPPOINTED BUT RELIEVED FACE,😥,\xF0\x9F\x98\xA5,<ed><a0><bd><ed><b8><a5>,-9
DISAPPOINTED FACE,😞,\xF0\x9F\x98\x9E,<ed><a0><bd><ed><b8><9e>,-9
DIZZY FACE,😵,\xF0\x9F\x98\xB5,<ed><a0><bd><ed><b8><b5>,-9
DIZZY SYMBOL,💫,\xF0\x9F\x92\xAB,<ed><a0><bd><ed><b2><ab>,0
DO NOT LITTER SYMBOL,🚯,\xF0\x9F\x9A\xAF,<ed><a0><bd><ed><ba><af>,0
DOG,🐕,\xF0\x9F\x90\x95,<ed><a0><bd><ed><b0><95>,0
DOG FACE,🐶,\xF0\x9F\x90\xB6,<ed><a0><bd><ed><b0><b6>,0
DOLPHIN,🐬,\xF0\x9F\x90\xAC,<ed><a0><bd><ed><b0><ac>,0
DOOR,🚪,\xF0\x9F\x9A\xAA,<ed><a0><bd><ed><ba><aa>,0
DOUBLE EXCLAMATION MARK,‼,\xE2\x80\xBC,<e2><80><bc>,0
DOUGHNUT,🍩,\xF0\x9F\x8D\xA9,<ed><a0><bc><ed><bd><a9>,0
DOWN-POINTING RED TRIANGLE,🔻,\xF0\x9F\x94\xBB,<ed><a0><bd><ed><b4><bb>,0
DOWN-POINTING SMALL RED TRIANGLE,🔽,\xF0\x9F\x94\xBD,<ed><a0><bd><ed><b4><bd>,0
DOWNWARDS BLACK ARROW,⬇,\xE2\xAC\x87,<e2><ac><87>,0
DRAGON,🐉,\xF0\x9F\x90\x89,<ed><a0><bd><ed><b0><89>,0
DRAGON FACE,🐲,\xF0\x9F\x90\xB2,<ed><a0><bd><ed><b0><b2>,0
DRESS,👗,\xF0\x9F\x91\x97,<ed><a0><bd><ed><b1><97>,0
DROMEDARY CAMEL,🐪,\xF0\x9F\x90\xAA,<ed><a0><bd><ed><b0><aa>,0
DROPLET,💧,\xF0\x9F\x92\xA7,<ed><a0><bd><ed><b2><a7>,0
DVD,📀,\xF0\x9F\x93\x80,<ed><a0><bd><ed><b3><80>,0
E-MAIL SYMBOL,📧,\xF0\x9F\x93\xA7,<ed><a0><bd><ed><b3><a7>,0
EAR,👂,\xF0\x9F\x91\x82,<ed><a0><bd><ed><b1><82>,0
EAR OF MAIZE,🌽,\xF0\x9F\x8C\xBD,<ed><a0><bc><ed><bc><bd>,0
EAR OF RICE,🌾,\xF0\x9F\x8C\xBE,<ed><a0><bc><ed><bc><be>,0
EARTH GLOBE AMERICAS,🌎,\xF0\x9F\x8C\x8E,<ed><a0><bc><ed><bc><8e>,0
EARTH GLOBE ASIA-AUSTRALIA,🌏,\xF0\x9F\x8C\x8F,<ed><a0><bc><ed><bc><8f>,0
EARTH GLOBE EUROPE-AFRICA,🌍,\xF0\x9F\x8C\x8D,<ed><a0><bc><ed><bc><8d>,0
EIGHT POINTED BLACK STAR,✴,\xE2\x9C\xB4,<e2><9c><b4>,0
EIGHT SPOKED ASTERISK,✳,\xE2\x9C\xB3,<e2><9c><b3>,0
ELECTRIC LIGHT BULB,💡,\xF0\x9F\x92\xA1,<ed><a0><bd><ed><b2><a1>,0
ELECTRIC PLUG,🔌,\xF0\x9F\x94\x8C,<ed><a0><bd><ed><b4><8c>,0
ELECTRIC TORCH,🔦,\xF0\x9F\x94\xA6,<ed><a0><bd><ed><b4><a6>,0
ELEPHANT,🐘,\xF0\x9F\x90\x98,<ed><a0><bd><ed><b0><98>,0
END WITH LEFTWARDS ARROW ABOVE,🔚,\xF0\x9F\x94\x9A,<ed><a0><bd><ed><b4><9a>,0
ENVELOPE,✉,\xE2\x9C\x89,<e2><9c><89>,0
ENVELOPE WITH DOWNWARDS ARROW ABOVE,📩,\xF0\x9F\x93\xA9,<ed><a0><bd><ed><b3><a9>,0
EUROPEAN CASTLE,🏰,\xF0\x9F\x8F\xB0,<ed><a0><bc><ed><bf><b0>,0
EUROPEAN POST OFFICE,🏤,\xF0\x9F\x8F\xA4,<ed><a0><bc><ed><bf><a4>,0
EVERGREEN TREE,🌲,\xF0\x9F\x8C\xB2,<ed><a0><bc><ed><bc><b2>,0
EXCLAMATION QUESTION MARK,⁉,\xE2\x81\x89,<e2><81><89>,0
EXPRESSIONLESS FACE,😑,\xF0\x9F\x98\x91,<ed><a0><bd><ed><b8><91>,-9
EXTRATERRESTRIAL ALIEN,👽,\xF0\x9F\x91\xBD,<ed><a0><bd><ed><b1><bd>,0
EYEGLASSES,👓,\xF0\x9F\x91\x93,<ed><a0><bd><ed><b1><93>,0
EYES,👀,\xF0\x9F\x91\x80,<ed><a0><bd><ed><b1><80>,0
FACE MASSAGE,💆,\xF0\x9F\x92\x86,<ed><a0><bd><ed><b2><86>,9
FACE SAVOURING DELICIOUS FOOD,😋,\xF0\x9F\x98\x8B,<ed><a0><bd><ed><b8><8b>,9
FACE SCREAMING IN FEAR,😱,\xF0\x9F\x98\xB1,<ed><a0><bd><ed><b8><b1>,-9
FACE THROWING A KISS,😘,\xF0\x9F\x98\x98,<ed><a0><bd><ed><b8><98>,9
FACE WITH COLD SWEAT,😓,\xF0\x9F\x98\x93,<ed><a0><bd><ed><b8><93>,-9
FACE WITH LOOK OF TRIUMPH,😤,\xF0\x9F\x98\xA4,<ed><a0><bd><ed><b8><a4>,-9
FACE WITH MEDICAL MASK,😷,\xF0\x9F\x98\xB7,<ed><a0><bd><ed><b8><b7>,-9
FACE WITH NO GOOD GESTURE,🙅,\xF0\x9F\x99\x85,<ed><a0><bd><ed><b9><85>,-9
FACE WITH OK GESTURE,🙆,\xF0\x9F\x99\x86,<ed><a0><bd><ed><b9><86>,9
FACE WITH OPEN MOUTH,😮,\xF0\x9F\x98\xAE,<ed><a0><bd><ed><b8><ae>,-9
FACE WITH OPEN MOUTH AND COLD SWEAT,😰,\xF0\x9F\x98\xB0,<ed><a0><bd><ed><b8><b0>,-9
FACE WITH STUCK-OUT TONGUE,😛,\xF0\x9F\x98\x9B,<ed><a0><bd><ed><b8><9b>,9
FACE WITH STUCK-OUT TONGUE AND TIGHTLY-CLOSED EYES,😝,\xF0\x9F\x98\x9D,<ed><a0><bd><ed><b8><9d>,9
FACE WITH STUCK-OUT TONGUE AND WINKING EYE,😜,\xF0\x9F\x98\x9C,<ed><a0><bd><ed><b8><9c>,9
FACE WITH TEARS OF JOY,😂,\xF0\x9F\x98\x82,<ed><a0><bd><ed><b8><82>,9
FACE WITHOUT MOUTH,😶,\xF0\x9F\x98\xB6,<ed><a0><bd><ed><b8><b6>,-9
FACTORY,🏭,\xF0\x9F\x8F\xAD,<ed><a0><bc><ed><bf><ad>,0
FALLEN LEAF,🍂,\xF0\x9F\x8D\x82,<ed><a0><bc><ed><bd><82>,0
FAMILY,👪,\xF0\x9F\x91\xAA,<ed><a0><bd><ed><b1><aa>,0
FATHER CHRISTMAS,🎅,\xF0\x9F\x8E\x85,<ed><a0><bc><ed><be><85>,9
FAX MACHINE,📠,\xF0\x9F\x93\xA0,<ed><a0><bd><ed><b3><a0>,0
FEARFUL FACE,😨,\xF0\x9F\x98\xA8,<ed><a0><bd><ed><b8><a8>,-9
FERRIS WHEEL,🎡,\xF0\x9F\x8E\xA1,<ed><a0><bc><ed><be><a1>,0
FILE FOLDER,📁,\xF0\x9F\x93\x81,<ed><a0><bd><ed><b3><81>,0
FIRE,🔥,\xF0\x9F\x94\xA5,<ed><a0><bd><ed><b4><a5>,9
FIRE ENGINE,🚒,\xF0\x9F\x9A\x92,<ed><a0><bd><ed><ba><92>,0
FIREWORK SPARKLER,🎇,\xF0\x9F\x8E\x87,<ed><a0><bc><ed><be><87>,0
FIREWORKS,🎆,\xF0\x9F\x8E\x86,<ed><a0><bc><ed><be><86>,0
FIRST QUARTER MOON SYMBOL,🌓,\xF0\x9F\x8C\x93,<ed><a0><bc><ed><bc><93>,0
FIRST QUARTER MOON WITH FACE,🌛,\xF0\x9F\x8C\x9B,<ed><a0><bc><ed><bc><9b>,0
FISH,🐟,\xF0\x9F\x90\x9F,<ed><a0><bd><ed><b0><9f>,0
FISH CAKE WITH SWIRL DESIGN,🍥,\xF0\x9F\x8D\xA5,<ed><a0><bc><ed><bd><a5>,0
FISHING POLE AND FISH,🎣,\xF0\x9F\x8E\xA3,<ed><a0><bc><ed><be><a3>,0
FISTED HAND SIGN,👊,\xF0\x9F\x91\x8A,<ed><a0><bd><ed><b1><8a>,-9
FLAG IN HOLE,⛳,\xE2\x9B\xB3,<e2><9b><b3>,0
FLEXED BICEPS,💪,\xF0\x9F\x92\xAA,<ed><a0><bd><ed><b2><aa>,9
FLOPPY DISK,💾,\xF0\x9F\x92\xBE,<ed><a0><bd><ed><b2><be>,0
FLOWER PLAYING CARDS,🎴,\xF0\x9F\x8E\xB4,<ed><a0><bc><ed><be><b4>,0
FLUSHED FACE,😳,\xF0\x9F\x98\xB3,<ed><a0><bd><ed><b8><b3>,-9
FOGGY,🌁,\xF0\x9F\x8C\x81,<ed><a0><bc><ed><bc><81>,0
FOOTPRINTS,👣,\xF0\x9F\x91\xA3,<ed><a0><bd><ed><b1><a3>,0
FORK AND KNIFE,🍴,\xF0\x9F\x8D\xB4,<ed><a0><bc><ed><bd><b4>,0
FOUNTAIN,⛲,\xE2\x9B\xB2,<e2><9b><b2>,0
FOUR LEAF CLOVER,🍀,\xF0\x9F\x8D\x80,<ed><a0><bc><ed><bd><80>,0
FRENCH FRIES,🍟,\xF0\x9F\x8D\x9F,<ed><a0><bc><ed><bd><9f>,0
FRIED SHRIMP,🍤,\xF0\x9F\x8D\xA4,<ed><a0><bc><ed><bd><a4>,0
FROG FACE,🐸,\xF0\x9F\x90\xB8,<ed><a0><bd><ed><b0><b8>,9
FRONT-FACING BABY CHICK,🐥,\xF0\x9F\x90\xA5,<ed><a0><bd><ed><b0><a5>,0
FROWNING FACE WITH OPEN MOUTH,😦,\xF0\x9F\x98\xA6,<ed><a0><bd><ed><b8><a6>,-9
FUEL PUMP,⛽,\xE2\x9B\xBD,<e2><9b><bd>,0
FULL MOON SYMBOL,🌕,\xF0\x9F\x8C\x95,<ed><a0><bc><ed><bc><95>,0
FULL MOON WITH FACE,🌝,\xF0\x9F\x8C\x9D,<ed><a0><bc><ed><bc><9d>,0
GAME DIE,🎲,\xF0\x9F\x8E\xB2,<ed><a0><bc><ed><be><b2>,0
GEM STONE,💎,\xF0\x9F\x92\x8E,<ed><a0><bd><ed><b2><8e>,0
GEMINI,♊,\xE2\x99\x8A,<e2><99><8a>,0
GHOST,👻,\xF0\x9F\x91\xBB,<ed><a0><bd><ed><b1><bb>,9
GIRL,👧,\xF0\x9F\x91\xA7,<ed><a0><bd><ed><b1><a7>,9
GLOBE WITH MERIDIANS,🌐,\xF0\x9F\x8C\x90,<ed><a0><bc><ed><bc><90>,0
GLOWING STAR,🌟,\xF0\x9F\x8C\x9F,<ed><a0><bc><ed><bc><9f>,9
GOAT,🐐,\xF0\x9F\x90\x90,<ed><a0><bd><ed><b0><90>,0
GRADUATION CAP,🎓,\xF0\x9F\x8E\x93,<ed><a0><bc><ed><be><93>,0
GRAPES,🍇,\xF0\x9F\x8D\x87,<ed><a0><bc><ed><bd><87>,0
GREEN APPLE,🍏,\xF0\x9F\x8D\x8F,<ed><a0><bc><ed><bd><8f>,0
GREEN BOOK,📗,\xF0\x9F\x93\x97,<ed><a0><bd><ed><b3><97>,0
GREEN HEART,💚,\xF0\x9F\x92\x9A,<ed><a0><bd><ed><b2><9a>,9
GRIMACING FACE,😬,\xF0\x9F\x98\xAC,<ed><a0><bd><ed><b8><ac>,9
GRINNING CAT FACE WITH SMILING EYES,😸,\xF0\x9F\x98\xB8,<ed><a0><bd><ed><b8><b8>,9
GRINNING FACE,😀,\xF0\x9F\x98\x80,<ed><a0><bd><ed><b8><80>,9
GRINNING FACE WITH SMILING EYES,😁,\xF0\x9F\x98\x81,<ed><a0><bd><ed><b8><81>,9
GROWING HEART,💗,\xF0\x9F\x92\x97,<ed><a0><bd><ed><b2><97>,9
GUARDSMAN,💂,\xF0\x9F\x92\x82,<ed><a0><bd><ed><b2><82>,0
GUITAR,🎸,\xF0\x9F\x8E\xB8,<ed><a0><bc><ed><be><b8>,0
HAIRCUT,💇,\xF0\x9F\x92\x87,<ed><a0><bd><ed><b2><87>,9
HAMBURGER,🍔,\xF0\x9F\x8D\x94,<ed><a0><bc><ed><bd><94>,0
HAMMER,🔨,\xF0\x9F\x94\xA8,<ed><a0><bd><ed><b4><a8>,0
HAMSTER FACE,🐹,\xF0\x9F\x90\xB9,<ed><a0><bd><ed><b0><b9>,0
HANDBAG,👜,\xF0\x9F\x91\x9C,<ed><a0><bd><ed><b1><9c>,0
HAPPY PERSON RAISING ONE HAND,🙋,\xF0\x9F\x99\x8B,<ed><a0><bd><ed><b9><8b>,9
HATCHING CHICK,🐣,\xF0\x9F\x90\xA3,<ed><a0><bd><ed><b0><a3>,0
HEADPHONE,🎧,\xF0\x9F\x8E\xA7,<ed><a0><bc><ed><be><a7>,0
HEAR-NO-EVIL MONKEY,🙉,\xF0\x9F\x99\x89,<ed><a0><bd><ed><b9><89>,0
HEART DECORATION,💟,\xF0\x9F\x92\x9F,<ed><a0><bd><ed><b2><9f>,9
HEART WITH ARROW,💘,\xF0\x9F\x92\x98,<ed><a0><bd><ed><b2><98>,9
HEART WITH RIBBON,💝,\xF0\x9F\x92\x9D,<ed><a0><bd><ed><b2><9d>,9
HEAVY BLACK HEART,❤,\xE2\x9D\xA4,<e2><9d><a4>,0
HEAVY CHECK MARK,✔,\xE2\x9C\x94,<e2><9c><94>,0
HEAVY DIVISION SIGN,➗,\xE2\x9E\x97,<e2><9e><97>,0
HEAVY DOLLAR SIGN,💲,\xF0\x9F\x92\xB2,<ed><a0><bd><ed><b2><b2>,0
HEAVY EXCLAMATION MARK SYMBOL,❗,\xE2\x9D\x97,<e2><9d><97>,0
HEAVY LARGE CIRCLE,⭕,\xE2\xAD\x95,<e2><ad><95>,0
HEAVY MINUS SIGN,➖,\xE2\x9E\x96,<e2><9e><96>,0
HEAVY MULTIPLICATION X,✖,\xE2\x9C\x96,<e2><9c><96>,0
HEAVY PLUS SIGN,➕,\xE2\x9E\x95,<e2><9e><95>,0
HELICOPTER,🚁,\xF0\x9F\x9A\x81,<ed><a0><bd><ed><ba><81>,0
HERB,🌿,\xF0\x9F\x8C\xBF,<ed><a0><bc><ed><bc><bf>,0
HIBISCUS,🌺,\xF0\x9F\x8C\xBA,<ed><a0><bc><ed><bc><ba>,0
HIGH BRIGHTNESS SYMBOL,🔆,\xF0\x9F\x94\x86,<ed><a0><bd><ed><b4><86>,0
HIGH VOLTAGE SIGN,⚡,\xE2\x9A\xA1,<e2><9a><a1>,0
HIGH-HEELED SHOE,👠,\xF0\x9F\x91\xA0,<ed><a0><bd><ed><b1><a0>,0
HIGH-SPEED TRAIN,🚄,\xF0\x9F\x9A\x84,<ed><a0><bd><ed><ba><84>,0
HIGH-SPEED TRAIN WITH BULLET NOSE,🚅,\xF0\x9F\x9A\x85,<ed><a0><bd><ed><ba><85>,0
HOCHO,🔪,\xF0\x9F\x94\xAA,<ed><a0><bd><ed><b4><aa>,-9
HONEY POT,🍯,\xF0\x9F\x8D\xAF,<ed><a0><bc><ed><bd><af>,0
HONEYBEE,🐝,\xF0\x9F\x90\x9D,<ed><a0><bd><ed><b0><9d>,0
HORIZONTAL TRAFFIC LIGHT,🚥,\xF0\x9F\x9A\xA5,<ed><a0><bd><ed><ba><a5>,0
HORSE,🐎,\xF0\x9F\x90\x8E,<ed><a0><bd><ed><b0><8e>,0
HORSE FACE,🐴,\xF0\x9F\x90\xB4,<ed><a0><bd><ed><b0><b4>,0
HORSE RACING,🏇,\xF0\x9F\x8F\x87,<ed><a0><bc><ed><bf><87>,0
HOSPITAL,🏥,\xF0\x9F\x8F\xA5,<ed><a0><bc><ed><bf><a5>,0
HOT BEVERAGE,☕,\xE2\x98\x95,<e2><98><95>,0
HOT SPRINGS,♨,\xE2\x99\xA8,<e2><99><a8>,0
HOTEL,🏨,\xF0\x9F\x8F\xA8,<ed><a0><bc><ed><bf><a8>,0
HOURGLASS,⌛,\xE2\x8C\x9B,<e2><8c><9b>,0
HOURGLASS WITH FLOWING SAND,⏳,\xE2\x8F\xB3,<e2><8f><b3>,0
HOUSE BUILDING,🏠,\xF0\x9F\x8F\xA0,<ed><a0><bc><ed><bf><a0>,0
HOUSE WITH GARDEN,🏡,\xF0\x9F\x8F\xA1,<ed><a0><bc><ed><bf><a1>,0
HUNDRED POINTS SYMBOL,💯,\xF0\x9F\x92\xAF,<ed><a0><bd><ed><b2><af>,0
HUSHED FACE,😯,\xF0\x9F\x98\xAF,<ed><a0><bd><ed><b8><af>,-9
ICE CREAM,🍨,\xF0\x9F\x8D\xA8,<ed><a0><bc><ed><bd><a8>,0
IMP,👿,\xF0\x9F\x91\xBF,<ed><a0><bd><ed><b1><bf>,-9
INBOX TRAY,📥,\xF0\x9F\x93\xA5,<ed><a0><bd><ed><b3><a5>,0
INCOMING ENVELOPE,📨,\xF0\x9F\x93\xA8,<ed><a0><bd><ed><b3><a8>,0
INFORMATION DESK PERSON,💁,\xF0\x9F\x92\x81,<ed><a0><bd><ed><b2><81>,9
INFORMATION SOURCE,ℹ,\xE2\x84\xB9,<e2><84><b9>,0
INPUT SYMBOL FOR LATIN CAPITAL LETTERS,🔠,\xF0\x9F\x94\xA0,<ed><a0><bd><ed><b4><a0>,0
INPUT SYMBOL FOR LATIN LETTERS,🔤,\xF0\x9F\x94\xA4,<ed><a0><bd><ed><b4><a4>,0
INPUT SYMBOL FOR LATIN SMALL LETTERS,🔡,\xF0\x9F\x94\xA1,<ed><a0><bd><ed><b4><a1>,0
INPUT SYMBOL FOR NUMBERS,🔢,\xF0\x9F\x94\xA2,<ed><a0><bd><ed><b4><a2>,0
INPUT SYMBOL FOR SYMBOLS,🔣,\xF0\x9F\x94\xA3,<ed><a0><bd><ed><b4><a3>,0
IZAKAYA LANTERN,🏮,\xF0\x9F\x8F\xAE,<ed><a0><bc><ed><bf><ae>,0
JACK-O-LANTERN,🎃,\xF0\x9F\x8E\x83,<ed><a0><bc><ed><be><83>,0
JAPANESE CASTLE,🏯,\xF0\x9F\x8F\xAF,<ed><a0><bc><ed><bf><af>,0
JAPANESE DOLLS,🎎,\xF0\x9F\x8E\x8E,<ed><a0><bc><ed><be><8e>,0
JAPANESE GOBLIN,👺,\xF0\x9F\x91\xBA,<ed><a0><bd><ed><b1><ba>,-9
JAPANESE OGRE,👹,\xF0\x9F\x91\xB9,<ed><a0><bd><ed><b1><b9>,-9
JAPANESE POST OFFICE,🏣,\xF0\x9F\x8F\xA3,<ed><a0><bc><ed><bf><a3>,0
JAPANESE SYMBOL FOR BEGINNER,🔰,\xF0\x9F\x94\xB0,<ed><a0><bd><ed><b4><b0>,0
JEANS,👖,\xF0\x9F\x91\x96,<ed><a0><bd><ed><b1><96>,0
KEY,🔑,\xF0\x9F\x94\x91,<ed><a0><bd><ed><b4><91>,0
KEYCAP TEN,🔟,\xF0\x9F\x94\x9F,<ed><a0><bd><ed><b4><9f>,0
KIMONO,👘,\xF0\x9F\x91\x98,<ed><a0><bd><ed><b1><98>,0
KISS,💏,\xF0\x9F\x92\x8F,<ed><a0><bd><ed><b2><8f>,9
KISS MARK,💋,\xF0\x9F\x92\x8B,<ed><a0><bd><ed><b2><8b>,9
KISSING CAT FACE WITH CLOSED EYES,😽,\xF0\x9F\x98\xBD,<ed><a0><bd><ed><b8><bd>,9
KISSING FACE,😗,\xF0\x9F\x98\x97,<ed><a0><bd><ed><b8><97>,9
KISSING FACE WITH CLOSED EYES,😚,\xF0\x9F\x98\x9A,<ed><a0><bd><ed><b8><9a>,9
KISSING FACE WITH SMILING EYES,😙,\xF0\x9F\x98\x99,<ed><a0><bd><ed><b8><99>,9
KOALA,🐨,\xF0\x9F\x90\xA8,<ed><a0><bd><ed><b0><a8>,0
LADY BEETLE,🐞,\xF0\x9F\x90\x9E,<ed><a0><bd><ed><b0><9e>,0
LARGE BLUE CIRCLE,🔵,\xF0\x9F\x94\xB5,<ed><a0><bd><ed><b4><b5>,0
LARGE BLUE DIAMOND,🔷,\xF0\x9F\x94\xB7,<ed><a0><bd><ed><b4><b7>,0
LARGE ORANGE DIAMOND,🔶,\xF0\x9F\x94\xB6,<ed><a0><bd><ed><b4><b6>,0
LARGE RED CIRCLE,🔴,\xF0\x9F\x94\xB4,<ed><a0><bd><ed><b4><b4>,0
LAST QUARTER MOON SYMBOL,🌗,\xF0\x9F\x8C\x97,<ed><a0><bc><ed><bc><97>,0
LAST QUARTER MOON WITH FACE,🌜,\xF0\x9F\x8C\x9C,<ed><a0><bc><ed><bc><9c>,0
LEAF FLUTTERING IN WIND,🍃,\xF0\x9F\x8D\x83,<ed><a0><bc><ed><bd><83>,0
LEDGER,📒,\xF0\x9F\x93\x92,<ed><a0><bd><ed><b3><92>,0
LEFT LUGGAGE,🛅,\xF0\x9F\x9B\x85,<ed><a0><bd><ed><bb><85>,0
LEFT RIGHT ARROW,↔,\xE2\x86\x94,<e2><86><94>,0
LEFT-POINTING MAGNIFYING GLASS,🔍,\xF0\x9F\x94\x8D,<ed><a0><bd><ed><b4><8d>,0
LEFTWARDS ARROW WITH HOOK,↩,\xE2\x86\xA9,<e2><86><a9>,0
LEFTWARDS BLACK ARROW,⬅,\xE2\xAC\x85,<e2><ac><85>,0
LEMON,🍋,\xF0\x9F\x8D\x8B,<ed><a0><bc><ed><bd><8b>,0
LEO,♌,\xE2\x99\x8C,<e2><99><8c>,0
LEOPARD,🐆,\xF0\x9F\x90\x86,<ed><a0><bd><ed><b0><86>,0
LIBRA,♎,\xE2\x99\x8E,<e2><99><8e>,0
LIGHT RAIL,🚈,\xF0\x9F\x9A\x88,<ed><a0><bd><ed><ba><88>,0
LINK SYMBOL,🔗,\xF0\x9F\x94\x97,<ed><a0><bd><ed><b4><97>,0
LIPSTICK,💄,\xF0\x9F\x92\x84,<ed><a0><bd><ed><b2><84>,0
LOCK,🔒,\xF0\x9F\x94\x92,<ed><a0><bd><ed><b4><92>,0
LOCK WITH INK PEN,🔏,\xF0\x9F\x94\x8F,<ed><a0><bd><ed><b4><8f>,0
LOLLIPOP,🍭,\xF0\x9F\x8D\xAD,<ed><a0><bc><ed><bd><ad>,0
LOUDLY CRYING FACE,😭,\xF0\x9F\x98\xAD,<ed><a0><bd><ed><b8><ad>,-9
LOVE HOTEL,🏩,\xF0\x9F\x8F\xA9,<ed><a0><bc><ed><bf><a9>,0
LOVE LETTER,💌,\xF0\x9F\x92\x8C,<ed><a0><bd><ed><b2><8c>,0
LOW BRIGHTNESS SYMBOL,🔅,\xF0\x9F\x94\x85,<ed><a0><bd><ed><b4><85>,0
MAHJONG TILE RED DRAGON,🀄,\xF0\x9F\x80\x84,<ed><a0><bc><ed><b0><84>,0
MAN,👨,\xF0\x9F\x91\xA8,<ed><a0><bd><ed><b1><a8>,0
MAN AND WOMAN HOLDING HANDS,👫,\xF0\x9F\x91\xAB,<ed><a0><bd><ed><b1><ab>,9
MAN WITH GUA PI MAO,👲,\xF0\x9F\x91\xB2,<ed><a0><bd><ed><b1><b2>,0
MAN WITH TURBAN,👳,\xF0\x9F\x91\xB3,<ed><a0><bd><ed><b1><b3>,0
MANS SHOE,👞,\xF0\x9F\x91\x9E,<ed><a0><bd><ed><b1><9e>,0
MAPLE LEAF,🍁,\xF0\x9F\x8D\x81,<ed><a0><bc><ed><bd><81>,0
MEAT ON BONE,🍖,\xF0\x9F\x8D\x96,<ed><a0><bc><ed><bd><96>,0
MEDIUM BLACK CIRCLE,⚫,\xE2\x9A\xAB,<e2><9a><ab>,0
MEDIUM WHITE CIRCLE,⚪,\xE2\x9A\xAA,<e2><9a><aa>,0
MELON,🍈,\xF0\x9F\x8D\x88,<ed><a0><bc><ed><bd><88>,0
MEMO,📝,\xF0\x9F\x93\x9D,<ed><a0><bd><ed><b3><9d>,0
MENS SYMBOL,🚹,\xF0\x9F\x9A\xB9,<ed><a0><bd><ed><ba><b9>,0
METRO,🚇,\xF0\x9F\x9A\x87,<ed><a0><bd><ed><ba><87>,0
MICROPHONE,🎤,\xF0\x9F\x8E\xA4,<ed><a0><bc><ed><be><a4>,0
MICROSCOPE,🔬,\xF0\x9F\x94\xAC,<ed><a0><bd><ed><b4><ac>,0
MILKY WAY,🌌,\xF0\x9F\x8C\x8C,<ed><a0><bc><ed><bc><8c>,0
MINIBUS,🚐,\xF0\x9F\x9A\x90,<ed><a0><bd><ed><ba><90>,0
MINIDISC,💽,\xF0\x9F\x92\xBD,<ed><a0><bd><ed><b2><bd>,0
MOBILE PHONE,📱,\xF0\x9F\x93\xB1,<ed><a0><bd><ed><b3><b1>,0
MOBILE PHONE OFF,📴,\xF0\x9F\x93\xB4,<ed><a0><bd><ed><b3><b4>,0
MOBILE PHONE WITH RIGHTWARDS ARROW AT LEFT,📲,\xF0\x9F\x93\xB2,<ed><a0><bd><ed><b3><b2>,0
MONEY BAG,💰,\xF0\x9F\x92\xB0,<ed><a0><bd><ed><b2><b0>,9
MONEY WITH WINGS,💸,\xF0\x9F\x92\xB8,<ed><a0><bd><ed><b2><b8>,-9
MONKEY,🐒,\xF0\x9F\x90\x92,<ed><a0><bd><ed><b0><92>,0
MONKEY FACE,🐵,\xF0\x9F\x90\xB5,<ed><a0><bd><ed><b0><b5>,0
MONORAIL,🚝,\xF0\x9F\x9A\x9D,<ed><a0><bd><ed><ba><9d>,0
MOON VIEWING CEREMONY,🎑,\xF0\x9F\x8E\x91,<ed><a0><bc><ed><be><91>,0
MOUNT FUJI,🗻,\xF0\x9F\x97\xBB,<ed><a0><bd><ed><b7><bb>,0
MOUNTAIN BICYCLIST,🚵,\xF0\x9F\x9A\xB5,<ed><a0><bd><ed><ba><b5>,0
MOUNTAIN CABLEWAY,🚠,\xF0\x9F\x9A\xA0,<ed><a0><bd><ed><ba><a0>,0
MOUNTAIN RAILWAY,🚞,\xF0\x9F\x9A\x9E,<ed><a0><bd><ed><ba><9e>,0
MOUSE,🐁,\xF0\x9F\x90\x81,<ed><a0><bd><ed><b0><81>,0
MOUSE FACE,🐭,\xF0\x9F\x90\xAD,<ed><a0><bd><ed><b0><ad>,0
MOUTH,👄,\xF0\x9F\x91\x84,<ed><a0><bd><ed><b1><84>,0
MOVIE CAMERA,🎥,\xF0\x9F\x8E\xA5,<ed><a0><bc><ed><be><a5>,0
MOYAI,🗿,\xF0\x9F\x97\xBF,<ed><a0><bd><ed><b7><bf>,0
MULTIPLE MUSICAL NOTES,🎶,\xF0\x9F\x8E\xB6,<ed><a0><bc><ed><be><b6>,0
MUSHROOM,🍄,\xF0\x9F\x8D\x84,<ed><a0><bc><ed><bd><84>,0
MUSICAL KEYBOARD,🎹,\xF0\x9F\x8E\xB9,<ed><a0><bc><ed><be><b9>,0
MUSICAL NOTE,🎵,\xF0\x9F\x8E\xB5,<ed><a0><bc><ed><be><b5>,0
MUSICAL SCORE,🎼,\xF0\x9F\x8E\xBC,<ed><a0><bc><ed><be><bc>,0
NAIL POLISH,💅,\xF0\x9F\x92\x85,<ed><a0><bd><ed><b2><85>,9
NAME BADGE,📛,\xF0\x9F\x93\x9B,<ed><a0><bd><ed><b3><9b>,0
NECKTIE,👔,\xF0\x9F\x91\x94,<ed><a0><bd><ed><b1><94>,0
NEGATIVE SQUARED AB,🆎,\xF0\x9F\x86\x8E,<ed><a0><bc><ed><b6><8e>,0
NEGATIVE SQUARED CROSS MARK,❎,\xE2\x9D\x8E,<e2><9d><8e>,0
NEGATIVE SQUARED LATIN CAPITAL LETTER A,🅰,\xF0\x9F\x85\xB0,<ed><a0><bc><ed><b5><b0>,0
NEGATIVE SQUARED LATIN CAPITAL LETTER B,🅱,\xF0\x9F\x85\xB1,<ed><a0><bc><ed><b5><b1>,0
NEGATIVE SQUARED LATIN CAPITAL LETTER O,🅾,\xF0\x9F\x85\xBE,<ed><a0><bc><ed><b5><be>,0
NEGATIVE SQUARED LATIN CAPITAL LETTER P,🅿,\xF0\x9F\x85\xBF,<ed><a0><bc><ed><b5><bf>,0
NEUTRAL FACE,😐,\xF0\x9F\x98\x90,<ed><a0><bd><ed><b8><90>,-9
NEW MOON SYMBOL,🌑,\xF0\x9F\x8C\x91,<ed><a0><bc><ed><bc><91>,0
NEW MOON WITH FACE,🌚,\xF0\x9F\x8C\x9A,<ed><a0><bc><ed><bc><9a>,0
NEWSPAPER,📰,\xF0\x9F\x93\xB0,<ed><a0><bd><ed><b3><b0>,0
NIGHT WITH STARS,🌃,\xF0\x9F\x8C\x83,<ed><a0><bc><ed><bc><83>,0
NO BICYCLES,🚳,\xF0\x9F\x9A\xB3,<ed><a0><bd><ed><ba><b3>,0
NO ENTRY,⛔,\xE2\x9B\x94,<e2><9b><94>,0
NO ENTRY SIGN,🚫,\xF0\x9F\x9A\xAB,<ed><a0><bd><ed><ba><ab>,0
NO MOBILE PHONES,📵,\xF0\x9F\x93\xB5,<ed><a0><bd><ed><b3><b5>,0
NO ONE UNDER EIGHTEEN SYMBOL,🔞,\xF0\x9F\x94\x9E,<ed><a0><bd><ed><b4><9e>,0
NO PEDESTRIANS,🚷,\xF0\x9F\x9A\xB7,<ed><a0><bd><ed><ba><b7>,0
NO SMOKING SYMBOL,🚭,\xF0\x9F\x9A\xAD,<ed><a0><bd><ed><ba><ad>,0
NON-POTABLE WATER SYMBOL,🚱,\xF0\x9F\x9A\xB1,<ed><a0><bd><ed><ba><b1>,0
NORTH EAST ARROW,↗,\xE2\x86\x97,<e2><86><97>,0
NORTH WEST ARROW,↖,\xE2\x86\x96,<e2><86><96>,0
NOSE,👃,\xF0\x9F\x91\x83,<ed><a0><bd><ed><b1><83>,0
NOTEBOOK,📓,\xF0\x9F\x93\x93,<ed><a0><bd><ed><b3><93>,0
NOTEBOOK WITH DECORATIVE COVER,📔,\xF0\x9F\x93\x94,<ed><a0><bd><ed><b3><94>,0
NUMBER SIGN + COMBINING ENCLOSING KEYCAP,#⃣,\x23\xE2\x83\xA3,#<e2><83><a3>,0
NUT AND BOLT,🔩,\xF0\x9F\x94\xA9,<ed><a0><bd><ed><b4><a9>,0
OCTOPUS,🐙,\xF0\x9F\x90\x99,<ed><a0><bd><ed><b0><99>,0
ODEN,🍢,\xF0\x9F\x8D\xA2,<ed><a0><bc><ed><bd><a2>,0
OFFICE BUILDING,🏢,\xF0\x9F\x8F\xA2,<ed><a0><bc><ed><bf><a2>,0
OK HAND SIGN,👌,\xF0\x9F\x91\x8C,<ed><a0><bd><ed><b1><8c>,9
OLDER MAN,👴,\xF0\x9F\x91\xB4,<ed><a0><bd><ed><b1><b4>,9
OLDER WOMAN,👵,\xF0\x9F\x91\xB5,<ed><a0><bd><ed><b1><b5>,9
ON WITH EXCLAMATION MARK WITH LEFT RIGHT ARROW ABOVE,🔛,\xF0\x9F\x94\x9B,<ed><a0><bd><ed><b4><9b>,0
ONCOMING AUTOMOBILE,🚘,\xF0\x9F\x9A\x98,<ed><a0><bd><ed><ba><98>,0
ONCOMING BUS,🚍,\xF0\x9F\x9A\x8D,<ed><a0><bd><ed><ba><8d>,0
ONCOMING POLICE CAR,🚔,\xF0\x9F\x9A\x94,<ed><a0><bd><ed><ba><94>,0
ONCOMING TAXI,🚖,\xF0\x9F\x9A\x96,<ed><a0><bd><ed><ba><96>,0
OPEN BOOK,📖,\xF0\x9F\x93\x96,<ed><a0><bd><ed><b3><96>,0
OPEN FILE FOLDER,📂,\xF0\x9F\x93\x82,<ed><a0><bd><ed><b3><82>,0
OPEN HANDS SIGN,👐,\xF0\x9F\x91\x90,<ed><a0><bd><ed><b1><90>,0
OPEN LOCK,🔓,\xF0\x9F\x94\x93,<ed><a0><bd><ed><b4><93>,0
OPEN MAILBOX WITH LOWERED FLAG,📭,\xF0\x9F\x93\xAD,<ed><a0><bd><ed><b3><ad>,0
OPEN MAILBOX WITH RAISED FLAG,📬,\xF0\x9F\x93\xAC,<ed><a0><bd><ed><b3><ac>,0
OPHIUCHUS,⛎,\xE2\x9B\x8E,<e2><9b><8e>,0
OPTICAL DISC,💿,\xF0\x9F\x92\xBF,<ed><a0><bd><ed><b2><bf>,0
ORANGE BOOK,📙,\xF0\x9F\x93\x99,<ed><a0><bd><ed><b3><99>,0
OUTBOX TRAY,📤,\xF0\x9F\x93\xA4,<ed><a0><bd><ed><b3><a4>,0
OX,🐂,\xF0\x9F\x90\x82,<ed><a0><bd><ed><b0><82>,0
PACKAGE,📦,\xF0\x9F\x93\xA6,<ed><a0><bd><ed><b3><a6>,0
PAGE FACING UP,📄,\xF0\x9F\x93\x84,<ed><a0><bd><ed><b3><84>,0
PAGE WITH CURL,📃,\xF0\x9F\x93\x83,<ed><a0><bd><ed><b3><83>,0
PAGER,📟,\xF0\x9F\x93\x9F,<ed><a0><bd><ed><b3><9f>,0
PALM TREE,🌴,\xF0\x9F\x8C\xB4,<ed><a0><bc><ed><bc><b4>,0
PANDA FACE,🐼,\xF0\x9F\x90\xBC,<ed><a0><bd><ed><b0><bc>,0
PAPERCLIP,📎,\xF0\x9F\x93\x8E,<ed><a0><bd><ed><b3><8e>,0
PART ALTERNATION MARK,〽,\xE3\x80\xBD,<e3><80><bd>,0
PARTY POPPER,🎉,\xF0\x9F\x8E\x89,<ed><a0><bc><ed><be><89>,0
PASSPORT CONTROL,🛂,\xF0\x9F\x9B\x82,<ed><a0><bd><ed><bb><82>,0
PAW PRINTS,🐾,\xF0\x9F\x90\xBE,<ed><a0><bd><ed><b0><be>,0
PEACH,🍑,\xF0\x9F\x8D\x91,<ed><a0><bc><ed><bd><91>,0
PEAR,🍐,\xF0\x9F\x8D\x90,<ed><a0><bc><ed><bd><90>,0
PEDESTRIAN,🚶,\xF0\x9F\x9A\xB6,<ed><a0><bd><ed><ba><b6>,0
PENCIL,✏,\xE2\x9C\x8F,<e2><9c><8f>,0
PENGUIN,🐧,\xF0\x9F\x90\xA7,<ed><a0><bd><ed><b0><a7>,0
PENSIVE FACE,😔,\xF0\x9F\x98\x94,<ed><a0><bd><ed><b8><94>,-9
PERFORMING ARTS,🎭,\xF0\x9F\x8E\xAD,<ed><a0><bc><ed><be><ad>,0
PERSEVERING FACE,😣,\xF0\x9F\x98\xA3,<ed><a0><bd><ed><b8><a3>,-9
PERSON BOWING DEEPLY,🙇,\xF0\x9F\x99\x87,<ed><a0><bd><ed><b9><87>,-9
PERSON FROWNING,🙍,\xF0\x9F\x99\x8D,<ed><a0><bd><ed><b9><8d>,-9
PERSON RAISING BOTH HANDS IN CELEBRATION,🙌,\xF0\x9F\x99\x8C,<ed><a0><bd><ed><b9><8c>,9
PERSON WITH BLOND HAIR,👱,\xF0\x9F\x91\xB1,<ed><a0><bd><ed><b1><b1>,9
PERSON WITH FOLDED HANDS,🙏,\xF0\x9F\x99\x8F,<ed><a0><bd><ed><b9><8f>,9
PERSON WITH POUTING FACE,🙎,\xF0\x9F\x99\x8E,<ed><a0><bd><ed><b9><8e>,-9
PERSONAL COMPUTER,💻,\xF0\x9F\x92\xBB,<ed><a0><bd><ed><b2><bb>,0
PIG,🐖,\xF0\x9F\x90\x96,<ed><a0><bd><ed><b0><96>,0
PIG FACE,🐷,\xF0\x9F\x90\xB7,<ed><a0><bd><ed><b0><b7>,0
PIG NOSE,🐽,\xF0\x9F\x90\xBD,<ed><a0><bd><ed><b0><bd>,0
PILE OF POO,💩,\xF0\x9F\x92\xA9,<ed><a0><bd><ed><b2><a9>,9
PILL,💊,\xF0\x9F\x92\x8A,<ed><a0><bd><ed><b2><8a>,0
PINE DECORATION,🎍,\xF0\x9F\x8E\x8D,<ed><a0><bc><ed><be><8d>,0
PINEAPPLE,🍍,\xF0\x9F\x8D\x8D,<ed><a0><bc><ed><bd><8d>,0
PISCES,♓,\xE2\x99\x93,<e2><99><93>,0
PISTOL,🔫,\xF0\x9F\x94\xAB,<ed><a0><bd><ed><b4><ab>,-9
PLAYING CARD BLACK JOKER,🃏,\xF0\x9F\x83\x8F,<ed><a0><bc><ed><b3><8f>,0
POLICE CAR,🚓,\xF0\x9F\x9A\x93,<ed><a0><bd><ed><ba><93>,0
POLICE CARS REVOLVING LIGHT,🚨,\xF0\x9F\x9A\xA8,<ed><a0><bd><ed><ba><a8>,0
POLICE OFFICER,👮,\xF0\x9F\x91\xAE,<ed><a0><bd><ed><b1><ae>,0
POODLE,🐩,\xF0\x9F\x90\xA9,<ed><a0><bd><ed><b0><a9>,0
POSTAL HORN,📯,\xF0\x9F\x93\xAF,<ed><a0><bd><ed><b3><af>,0
POSTBOX,📮,\xF0\x9F\x93\xAE,<ed><a0><bd><ed><b3><ae>,0
POT OF FOOD,🍲,\xF0\x9F\x8D\xB2,<ed><a0><bc><ed><bd><b2>,0
POTABLE WATER SYMBOL,🚰,\xF0\x9F\x9A\xB0,<ed><a0><bd><ed><ba><b0>,0
POUCH,👝,\xF0\x9F\x91\x9D,<ed><a0><bd><ed><b1><9d>,0
POULTRY LEG,🍗,\xF0\x9F\x8D\x97,<ed><a0><bc><ed><bd><97>,0
POUTING CAT FACE,😾,\xF0\x9F\x98\xBE,<ed><a0><bd><ed><b8><be>,-9
POUTING FACE,😡,\xF0\x9F\x98\xA1,<ed><a0><bd><ed><b8><a1>,-9
PRINCESS,👸,\xF0\x9F\x91\xB8,<ed><a0><bd><ed><b1><b8>,0
PUBLIC ADDRESS LOUDSPEAKER,📢,\xF0\x9F\x93\xA2,<ed><a0><bd><ed><b3><a2>,0
PURPLE HEART,💜,\xF0\x9F\x92\x9C,<ed><a0><bd><ed><b2><9c>,9
PURSE,👛,\xF0\x9F\x91\x9B,<ed><a0><bd><ed><b1><9b>,0
PUSHPIN,📌,\xF0\x9F\x93\x8C,<ed><a0><bd><ed><b3><8c>,0
PUT LITTER IN ITS PLACE SYMBOL,🚮,\xF0\x9F\x9A\xAE,<ed><a0><bd><ed><ba><ae>,0
RABBIT,🐇,\xF0\x9F\x90\x87,<ed><a0><bd><ed><b0><87>,0
RABBIT FACE,🐰,\xF0\x9F\x90\xB0,<ed><a0><bd><ed><b0><b0>,0
RADIO,📻,\xF0\x9F\x93\xBB,<ed><a0><bd><ed><b3><bb>,0
RADIO BUTTON,🔘,\xF0\x9F\x94\x98,<ed><a0><bd><ed><b4><98>,0
RAILWAY CAR,🚃,\xF0\x9F\x9A\x83,<ed><a0><bd><ed><ba><83>,0
RAINBOW,🌈,\xF0\x9F\x8C\x88,<ed><a0><bc><ed><bc><88>,0
RAISED FIST,✊,\xE2\x9C\x8A,<e2><9c><8a>,9
RAISED HAND,✋,\xE2\x9C\x8B,<e2><9c><8b>,9
RAM,🐏,\xF0\x9F\x90\x8F,<ed><a0><bd><ed><b0><8f>,0
RAT,🐀,\xF0\x9F\x90\x80,<ed><a0><bd><ed><b0><80>,0
RECREATIONAL VEHICLE,🚙,\xF0\x9F\x9A\x99,<ed><a0><bd><ed><ba><99>,0
RED APPLE,🍎,\xF0\x9F\x8D\x8E,<ed><a0><bc><ed><bd><8e>,0
REGIONAL INDICATOR SYMBOL LETTER C + REGIONAL INDICATOR SYMBOL LETTER N,🇨🇳,\xF0\x9F\x87\xA8\xF0\x9F\x87\xB3,<ed><a0><bc><ed><b7><a8><ed><a0><bc><ed><b7><b3>,0
REGIONAL INDICATOR SYMBOL LETTER D + REGIONAL INDICATOR SYMBOL LETTER E,🇩🇪,\xF0\x9F\x87\xA9\xF0\x9F\x87\xAA,<ed><a0><bc><ed><b7><a9><ed><a0><bc><ed><b7><aa>,0
REGIONAL INDICATOR SYMBOL LETTER E + REGIONAL INDICATOR SYMBOL LETTER S,🇪🇸,\xF0\x9F\x87\xAA\xF0\x9F\x87\xB8,<ed><a0><bc><ed><b7><aa><ed><a0><bc><ed><b7><b8>,0
REGIONAL INDICATOR SYMBOL LETTER F + REGIONAL INDICATOR SYMBOL LETTER R,🇫🇷,\xF0\x9F\x87\xAB\xF0\x9F\x87\xB7,<ed><a0><bc><ed><b7><ab><ed><a0><bc><ed><b7><b7>,0
REGIONAL INDICATOR SYMBOL LETTER G + REGIONAL INDICATOR SYMBOL LETTER B,🇬🇧,\xF0\x9F\x87\xAC\xF0\x9F\x87\xA7,<ed><a0><bc><ed><b7><ac><ed><a0><bc><ed><b7><a7>,0
REGIONAL INDICATOR SYMBOL LETTER I + REGIONAL INDICATOR SYMBOL LETTER T,🇮🇹,\xF0\x9F\x87\xAE\xF0\x9F\x87\xB9,<ed><a0><bc><ed><b7><ae><ed><a0><bc><ed><b7><b9>,0
REGIONAL INDICATOR SYMBOL LETTER J + REGIONAL INDICATOR SYMBOL LETTER P,🇯🇵,\xF0\x9F\x87\xAF\xF0\x9F\x87\xB5,<ed><a0><bc><ed><b7><af><ed><a0><bc><ed><b7><b5>,0
REGIONAL INDICATOR SYMBOL LETTER K + REGIONAL INDICATOR SYMBOL LETTER R,🇰🇷,\xF0\x9F\x87\xB0\xF0\x9F\x87\xB7,<ed><a0><bc><ed><b7><b0><ed><a0><bc><ed><b7><b7>,0
REGIONAL INDICATOR SYMBOL LETTER R + REGIONAL INDICATOR SYMBOL LETTER U,🇷🇺,\xF0\x9F\x87\xB7\xF0\x9F\x87\xBA,<ed><a0><bc><ed><b7><b7><ed><a0><bc><ed><b7><ba>,0
REGIONAL INDICATOR SYMBOL LETTER U + REGIONAL INDICATOR SYMBOL LETTER S,🇺🇸,\xF0\x9F\x87\xBA\xF0\x9F\x87\xB8,<ed><a0><bc><ed><b7><ba><ed><a0><bc><ed><b7><b8>,0
REGISTERED SIGN,®,\xC2\xAE,<c2><ae>,0
RELIEVED FACE,😌,\xF0\x9F\x98\x8C,<ed><a0><bd><ed><b8><8c>,9
RESTROOM,🚻,\xF0\x9F\x9A\xBB,<ed><a0><bd><ed><ba><bb>,0
REVOLVING HEARTS,💞,\xF0\x9F\x92\x9E,<ed><a0><bd><ed><b2><9e>,9
RIBBON,🎀,\xF0\x9F\x8E\x80,<ed><a0><bc><ed><be><80>,9
RICE BALL,🍙,\xF0\x9F\x8D\x99,<ed><a0><bc><ed><bd><99>,0
RICE CRACKER,🍘,\xF0\x9F\x8D\x98,<ed><a0><bc><ed><bd><98>,0
RIGHT-POINTING MAGNIFYING GLASS,🔎,\xF0\x9F\x94\x8E,<ed><a0><bd><ed><b4><8e>,0
RIGHTWARDS ARROW WITH HOOK,↪,\xE2\x86\xAA,<e2><86><aa>,0
RING,💍,\xF0\x9F\x92\x8D,<ed><a0><bd><ed><b2><8d>,9
ROASTED SWEET POTATO,🍠,\xF0\x9F\x8D\xA0,<ed><a0><bc><ed><bd><a0>,0
ROCKET,🚀,\xF0\x9F\x9A\x80,<ed><a0><bd><ed><ba><80>,0
ROLLER COASTER,🎢,\xF0\x9F\x8E\xA2,<ed><a0><bc><ed><be><a2>,0
ROOSTER,🐓,\xF0\x9F\x90\x93,<ed><a0><bd><ed><b0><93>,0
ROSE,🌹,\xF0\x9F\x8C\xB9,<ed><a0><bc><ed><bc><b9>,0
ROUND PUSHPIN,📍,\xF0\x9F\x93\x8D,<ed><a0><bd><ed><b3><8d>,0
ROWBOAT,🚣,\xF0\x9F\x9A\xA3,<ed><a0><bd><ed><ba><a3>,0
RUGBY FOOTBALL,🏉,\xF0\x9F\x8F\x89,<ed><a0><bc><ed><bf><89>,0
RUNNER,🏃,\xF0\x9F\x8F\x83,<ed><a0><bc><ed><bf><83>,0
RUNNING SHIRT WITH SASH,🎽,\xF0\x9F\x8E\xBD,<ed><a0><bc><ed><be><bd>,0
SAGITTARIUS,♐,\xE2\x99\x90,<e2><99><90>,0
SAILBOAT,⛵,\xE2\x9B\xB5,<e2><9b><b5>,0
SAKE BOTTLE AND CUP,🍶,\xF0\x9F\x8D\xB6,<ed><a0><bc><ed><bd><b6>,0
SATELLITE ANTENNA,📡,\xF0\x9F\x93\xA1,<ed><a0><bd><ed><b3><a1>,0
SAXOPHONE,🎷,\xF0\x9F\x8E\xB7,<ed><a0><bc><ed><be><b7>,0
SCHOOL,🏫,\xF0\x9F\x8F\xAB,<ed><a0><bc><ed><bf><ab>,0
SCHOOL SATCHEL,🎒,\xF0\x9F\x8E\x92,<ed><a0><bc><ed><be><92>,0
SCORPIUS,♏,\xE2\x99\x8F,<e2><99><8f>,0
SCROLL,📜,\xF0\x9F\x93\x9C,<ed><a0><bd><ed><b3><9c>,0
SEAT,💺,\xF0\x9F\x92\xBA,<ed><a0><bd><ed><b2><ba>,0
SEE-NO-EVIL MONKEY,🙈,\xF0\x9F\x99\x88,<ed><a0><bd><ed><b9><88>,9
SEEDLING,🌱,\xF0\x9F\x8C\xB1,<ed><a0><bc><ed><bc><b1>,0
SHAVED ICE,🍧,\xF0\x9F\x8D\xA7,<ed><a0><bc><ed><bd><a7>,0
SHEEP,🐑,\xF0\x9F\x90\x91,<ed><a0><bd><ed><b0><91>,0
SHIP,🚢,\xF0\x9F\x9A\xA2,<ed><a0><bd><ed><ba><a2>,0
SHOOTING STAR,🌠,\xF0\x9F\x8C\xA0,<ed><a0><bc><ed><bc><a0>,0
SHORTCAKE,🍰,\xF0\x9F\x8D\xB0,<ed><a0><bc><ed><bd><b0>,9
SHOWER,🚿,\xF0\x9F\x9A\xBF,<ed><a0><bd><ed><ba><bf>,0
SILHOUETTE OF JAPAN,🗾,\xF0\x9F\x97\xBE,<ed><a0><bd><ed><b7><be>,0
SIX POINTED STAR WITH MIDDLE DOT,🔯,\xF0\x9F\x94\xAF,<ed><a0><bd><ed><b4><af>,0
SKI AND SKI BOOT,🎿,\xF0\x9F\x8E\xBF,<ed><a0><bc><ed><be><bf>,0
SKULL,💀,\xF0\x9F\x92\x80,<ed><a0><bd><ed><b2><80>,0
SLEEPING FACE,😴,\xF0\x9F\x98\xB4,<ed><a0><bd><ed><b8><b4>,-9
SLEEPING SYMBOL,💤,\xF0\x9F\x92\xA4,<ed><a0><bd><ed><b2><a4>,-9
SLEEPY FACE,😪,\xF0\x9F\x98\xAA,<ed><a0><bd><ed><b8><aa>,-9
SLICE OF PIZZA,🍕,\xF0\x9F\x8D\x95,<ed><a0><bc><ed><bd><95>,0
SLOT MACHINE,🎰,\xF0\x9F\x8E\xB0,<ed><a0><bc><ed><be><b0>,0
SMALL BLUE DIAMOND,🔹,\xF0\x9F\x94\xB9,<ed><a0><bd><ed><b4><b9>,0
SMALL ORANGE DIAMOND,🔸,\xF0\x9F\x94\xB8,<ed><a0><bd><ed><b4><b8>,0
SMILING CAT FACE WITH HEART-SHAPED EYES,😻,\xF0\x9F\x98\xBB,<ed><a0><bd><ed><b8><bb>,9
SMILING CAT FACE WITH OPEN MOUTH,😺,\xF0\x9F\x98\xBA,<ed><a0><bd><ed><b8><ba>,9
SMILING FACE WITH HALO,😇,\xF0\x9F\x98\x87,<ed><a0><bd><ed><b8><87>,9
SMILING FACE WITH HEART-SHAPED EYES,😍,\xF0\x9F\x98\x8D,<ed><a0><bd><ed><b8><8d>,9
SMILING FACE WITH HORNS,😈,\xF0\x9F\x98\x88,<ed><a0><bd><ed><b8><88>,-9
SMILING FACE WITH OPEN MOUTH,😃,\xF0\x9F\x98\x83,<ed><a0><bd><ed><b8><83>,9
SMILING FACE WITH OPEN MOUTH AND COLD SWEAT,😅,\xF0\x9F\x98\x85,<ed><a0><bd><ed><b8><85>,9
SMILING FACE WITH OPEN MOUTH AND SMILING EYES,😄,\xF0\x9F\x98\x84,<ed><a0><bd><ed><b8><84>,9
SMILING FACE WITH OPEN MOUTH AND TIGHTLY-CLOSED EYES,😆,\xF0\x9F\x98\x86,<ed><a0><bd><ed><b8><86>,9
SMILING FACE WITH SMILING EYES,😊,\xF0\x9F\x98\x8A,<ed><a0><bd><ed><b8><8a>,9
SMILING FACE WITH SUNGLASSES,😎,\xF0\x9F\x98\x8E,<ed><a0><bd><ed><b8><8e>,9
SMIRKING FACE,😏,\xF0\x9F\x98\x8F,<ed><a0><bd><ed><b8><8f>,9
SMOKING SYMBOL,🚬,\xF0\x9F\x9A\xAC,<ed><a0><bd><ed><ba><ac>,-9
SNAIL,🐌,\xF0\x9F\x90\x8C,<ed><a0><bd><ed><b0><8c>,0
SNAKE,🐍,\xF0\x9F\x90\x8D,<ed><a0><bd><ed><b0><8d>,0
SNOWBOARDER,🏂,\xF0\x9F\x8F\x82,<ed><a0><bc><ed><bf><82>,0
SNOWFLAKE,❄,\xE2\x9D\x84,<e2><9d><84>,0
SNOWMAN WITHOUT SNOW,⛄,\xE2\x9B\x84,<e2><9b><84>,0
SOCCER BALL,⚽,\xE2\x9A\xBD,<e2><9a><bd>,0
SOFT ICE CREAM,🍦,\xF0\x9F\x8D\xA6,<ed><a0><bc><ed><bd><a6>,0
SOON WITH RIGHTWARDS ARROW ABOVE,🔜,\xF0\x9F\x94\x9C,<ed><a0><bd><ed><b4><9c>,0
SOUTH EAST ARROW,↘,\xE2\x86\x98,<e2><86><98>,0
SOUTH WEST ARROW,↙,\xE2\x86\x99,<e2><86><99>,0
SPAGHETTI,🍝,\xF0\x9F\x8D\x9D,<ed><a0><bc><ed><bd><9d>,0
SPARKLE,❇,\xE2\x9D\x87,<e2><9d><87>,0
SPARKLES,✨,\xE2\x9C\xA8,<e2><9c><a8>,9
SPARKLING HEART,💖,\xF0\x9F\x92\x96,<ed><a0><bd><ed><b2><96>,9
SPEAK-NO-EVIL MONKEY,🙊,\xF0\x9F\x99\x8A,<ed><a0><bd><ed><b9><8a>,0
SPEAKER WITH CANCELLATION STROKE,🔇,\xF0\x9F\x94\x87,<ed><a0><bd><ed><b4><87>,0
SPEAKER WITH ONE SOUND WAVE,🔉,\xF0\x9F\x94\x89,<ed><a0><bd><ed><b4><89>,0
SPEAKER WITH THREE SOUND WAVES,🔊,\xF0\x9F\x94\x8A,<ed><a0><bd><ed><b4><8a>,0
SPEECH BALLOON,💬,\xF0\x9F\x92\xAC,<ed><a0><bd><ed><b2><ac>,0
SPEEDBOAT,🚤,\xF0\x9F\x9A\xA4,<ed><a0><bd><ed><ba><a4>,0
SPIRAL SHELL,🐚,\xF0\x9F\x90\x9A,<ed><a0><bd><ed><b0><9a>,0
SPLASHING SWEAT SYMBOL,💦,\xF0\x9F\x92\xA6,<ed><a0><bd><ed><b2><a6>,0
SPOUTING WHALE,🐳,\xF0\x9F\x90\xB3,<ed><a0><bd><ed><b0><b3>,0
SQUARED CJK UNIFIED IDEOGRAPH-5272,🈹,\xF0\x9F\x88\xB9,<ed><a0><bc><ed><b8><b9>,0
SQUARED CJK UNIFIED IDEOGRAPH-5408,🈴,\xF0\x9F\x88\xB4,<ed><a0><bc><ed><b8><b4>,0
SQUARED CJK UNIFIED IDEOGRAPH-55B6,🈺,\xF0\x9F\x88\xBA,<ed><a0><bc><ed><b8><ba>,0
SQUARED CJK UNIFIED IDEOGRAPH-6307,🈯,\xF0\x9F\x88\xAF,<ed><a0><bc><ed><b8><af>,0
SQUARED CJK UNIFIED IDEOGRAPH-6708,🈷,\xF0\x9F\x88\xB7,<ed><a0><bc><ed><b8><b7>,0
SQUARED CJK UNIFIED IDEOGRAPH-6709,🈶,\xF0\x9F\x88\xB6,<ed><a0><bc><ed><b8><b6>,0
SQUARED CJK UNIFIED IDEOGRAPH-6E80,🈵,\xF0\x9F\x88\xB5,<ed><a0><bc><ed><b8><b5>,0
SQUARED CJK UNIFIED IDEOGRAPH-7121,🈚,\xF0\x9F\x88\x9A,<ed><a0><bc><ed><b8><9a>,0
SQUARED CJK UNIFIED IDEOGRAPH-7533,🈸,\xF0\x9F\x88\xB8,<ed><a0><bc><ed><b8><b8>,0
SQUARED CJK UNIFIED IDEOGRAPH-7981,🈲,\xF0\x9F\x88\xB2,<ed><a0><bc><ed><b8><b2>,0
SQUARED CJK UNIFIED IDEOGRAPH-7A7A,🈳,\xF0\x9F\x88\xB3,<ed><a0><bc><ed><b8><b3>,0
SQUARED CL,🆑,\xF0\x9F\x86\x91,<ed><a0><bc><ed><b6><91>,0
SQUARED COOL,🆒,\xF0\x9F\x86\x92,<ed><a0><bc><ed><b6><92>,0
SQUARED FREE,🆓,\xF0\x9F\x86\x93,<ed><a0><bc><ed><b6><93>,0
SQUARED ID,🆔,\xF0\x9F\x86\x94,<ed><a0><bc><ed><b6><94>,0
SQUARED KATAKANA KOKO,🈁,\xF0\x9F\x88\x81,<ed><a0><bc><ed><b8><81>,0
SQUARED KATAKANA SA,🈂,\xF0\x9F\x88\x82,<ed><a0><bc><ed><b8><82>,0
SQUARED NEW,🆕,\xF0\x9F\x86\x95,<ed><a0><bc><ed><b6><95>,0
SQUARED NG,🆖,\xF0\x9F\x86\x96,<ed><a0><bc><ed><b6><96>,0
SQUARED OK,🆗,\xF0\x9F\x86\x97,<ed><a0><bc><ed><b6><97>,0
SQUARED SOS,🆘,\xF0\x9F\x86\x98,<ed><a0><bc><ed><b6><98>,0
SQUARED UP WITH EXCLAMATION MARK,🆙,\xF0\x9F\x86\x99,<ed><a0><bc><ed><b6><99>,0
SQUARED VS,🆚,\xF0\x9F\x86\x9A,<ed><a0><bc><ed><b6><9a>,0
STATION,🚉,\xF0\x9F\x9A\x89,<ed><a0><bd><ed><ba><89>,0
STATUE OF LIBERTY,🗽,\xF0\x9F\x97\xBD,<ed><a0><bd><ed><b7><bd>,0
STEAM LOCOMOTIVE,🚂,\xF0\x9F\x9A\x82,<ed><a0><bd><ed><ba><82>,0
STEAMING BOWL,🍜,\xF0\x9F\x8D\x9C,<ed><a0><bc><ed><bd><9c>,0
STRAIGHT RULER,📏,\xF0\x9F\x93\x8F,<ed><a0><bd><ed><b3><8f>,0
STRAWBERRY,🍓,\xF0\x9F\x8D\x93,<ed><a0><bc><ed><bd><93>,0
SUN BEHIND CLOUD,⛅,\xE2\x9B\x85,<e2><9b><85>,0
SUN WITH FACE,🌞,\xF0\x9F\x8C\x9E,<ed><a0><bc><ed><bc><9e>,9
SUNFLOWER,🌻,\xF0\x9F\x8C\xBB,<ed><a0><bc><ed><bc><bb>,0
SUNRISE,🌅,\xF0\x9F\x8C\x85,<ed><a0><bc><ed><bc><85>,0
SUNRISE OVER MOUNTAINS,🌄,\xF0\x9F\x8C\x84,<ed><a0><bc><ed><bc><84>,0
SUNSET OVER BUILDINGS,🌇,\xF0\x9F\x8C\x87,<ed><a0><bc><ed><bc><87>,0
SURFER,🏄,\xF0\x9F\x8F\x84,<ed><a0><bc><ed><bf><84>,0
SUSHI,🍣,\xF0\x9F\x8D\xA3,<ed><a0><bc><ed><bd><a3>,0
SUSPENSION RAILWAY,🚟,\xF0\x9F\x9A\x9F,<ed><a0><bd><ed><ba><9f>,0
SWIMMER,🏊,\xF0\x9F\x8F\x8A,<ed><a0><bc><ed><bf><8a>,0
SYRINGE,💉,\xF0\x9F\x92\x89,<ed><a0><bd><ed><b2><89>,-9
T-SHIRT,👕,\xF0\x9F\x91\x95,<ed><a0><bd><ed><b1><95>,0
TANABATA TREE,🎋,\xF0\x9F\x8E\x8B,<ed><a0><bc><ed><be><8b>,0
TANGERINE,🍊,\xF0\x9F\x8D\x8A,<ed><a0><bc><ed><bd><8a>,0
TAURUS,♉,\xE2\x99\x89,<e2><99><89>,0
TAXI,🚕,\xF0\x9F\x9A\x95,<ed><a0><bd><ed><ba><95>,0
TEACUP WITHOUT HANDLE,🍵,\xF0\x9F\x8D\xB5,<ed><a0><bc><ed><bd><b5>,0
TEAR-OFF CALENDAR,📆,\xF0\x9F\x93\x86,<ed><a0><bd><ed><b3><86>,0
TELEPHONE RECEIVER,📞,\xF0\x9F\x93\x9E,<ed><a0><bd><ed><b3><9e>,0
TELESCOPE,🔭,\xF0\x9F\x94\xAD,<ed><a0><bd><ed><b4><ad>,0
TELEVISION,📺,\xF0\x9F\x93\xBA,<ed><a0><bd><ed><b3><ba>,0
TENNIS RACQUET AND BALL,🎾,\xF0\x9F\x8E\xBE,<ed><a0><bc><ed><be><be>,0
TENT,⛺,\xE2\x9B\xBA,<e2><9b><ba>,0
THOUGHT BALLOON,💭,\xF0\x9F\x92\xAD,<ed><a0><bd><ed><b2><ad>,0
THUMBS DOWN SIGN,👎,\xF0\x9F\x91\x8E,<ed><a0><bd><ed><b1><8e>,-9
THUMBS UP SIGN,👍,\xF0\x9F\x91\x8D,<ed><a0><bd><ed><b1><8d>,9
TICKET,🎫,\xF0\x9F\x8E\xAB,<ed><a0><bc><ed><be><ab>,0
TIGER,🐅,\xF0\x9F\x90\x85,<ed><a0><bd><ed><b0><85>,0
TIGER FACE,🐯,\xF0\x9F\x90\xAF,<ed><a0><bd><ed><b0><af>,0
TIRED FACE,😫,\xF0\x9F\x98\xAB,<ed><a0><bd><ed><b8><ab>,-9
TOILET,🚽,\xF0\x9F\x9A\xBD,<ed><a0><bd><ed><ba><bd>,0
TOKYO TOWER,🗼,\xF0\x9F\x97\xBC,<ed><a0><bd><ed><b7><bc>,0
TOMATO,🍅,\xF0\x9F\x8D\x85,<ed><a0><bc><ed><bd><85>,0
TONGUE,👅,\xF0\x9F\x91\x85,<ed><a0><bd><ed><b1><85>,9
TOP HAT,🎩,\xF0\x9F\x8E\xA9,<ed><a0><bc><ed><be><a9>,0
TOP WITH UPWARDS ARROW ABOVE,🔝,\xF0\x9F\x94\x9D,<ed><a0><bd><ed><b4><9d>,0
TRACTOR,🚜,\xF0\x9F\x9A\x9C,<ed><a0><bd><ed><ba><9c>,0
TRADE MARK SIGN,™,\xE2\x84\xA2,<e2><84><a2>,0
TRAIN,🚆,\xF0\x9F\x9A\x86,<ed><a0><bd><ed><ba><86>,0
TRAM,🚊,\xF0\x9F\x9A\x8A,<ed><a0><bd><ed><ba><8a>,0
TRIANGULAR FLAG ON POST,🚩,\xF0\x9F\x9A\xA9,<ed><a0><bd><ed><ba><a9>,0
TRIANGULAR RULER,📐,\xF0\x9F\x93\x90,<ed><a0><bd><ed><b3><90>,0
TRIDENT EMBLEM,🔱,\xF0\x9F\x94\xB1,<ed><a0><bd><ed><b4><b1>,0
TROLLEYBUS,🚎,\xF0\x9F\x9A\x8E,<ed><a0><bd><ed><ba><8e>,0
TROPHY,🏆,\xF0\x9F\x8F\x86,<ed><a0><bc><ed><bf><86>,0
TROPICAL DRINK,🍹,\xF0\x9F\x8D\xB9,<ed><a0><bc><ed><bd><b9>,0
TROPICAL FISH,🐠,\xF0\x9F\x90\xA0,<ed><a0><bd><ed><b0><a0>,0
TRUMPET,🎺,\xF0\x9F\x8E\xBA,<ed><a0><bc><ed><be><ba>,0
TULIP,🌷,\xF0\x9F\x8C\xB7,<ed><a0><bc><ed><bc><b7>,0
TURTLE,🐢,\xF0\x9F\x90\xA2,<ed><a0><bd><ed><b0><a2>,0
TWISTED RIGHTWARDS ARROWS,🔀,\xF0\x9F\x94\x80,<ed><a0><bd><ed><b4><80>,0
TWO HEARTS,💕,\xF0\x9F\x92\x95,<ed><a0><bd><ed><b2><95>,9
TWO MEN HOLDING HANDS,👬,\xF0\x9F\x91\xAC,<ed><a0><bd><ed><b1><ac>,9
TWO WOMEN HOLDING HANDS,👭,\xF0\x9F\x91\xAD,<ed><a0><bd><ed><b1><ad>,9
UMBRELLA WITH RAIN DROPS,☔,\xE2\x98\x94,<e2><98><94>,0
UNAMUSED FACE,😒,\xF0\x9F\x98\x92,<ed><a0><bd><ed><b8><92>,-9
UP DOWN ARROW,↕,\xE2\x86\x95,<e2><86><95>,0
UP-POINTING RED TRIANGLE,🔺,\xF0\x9F\x94\xBA,<ed><a0><bd><ed><b4><ba>,0
UP-POINTING SMALL RED TRIANGLE,🔼,\xF0\x9F\x94\xBC,<ed><a0><bd><ed><b4><bc>,0
UPWARDS BLACK ARROW,⬆,\xE2\xAC\x86,<e2><ac><86>,0
VERTICAL TRAFFIC LIGHT,🚦,\xF0\x9F\x9A\xA6,<ed><a0><bd><ed><ba><a6>,0
VIBRATION MODE,📳,\xF0\x9F\x93\xB3,<ed><a0><bd><ed><b3><b3>,0
VICTORY HAND,✌,\xE2\x9C\x8C,<e2><9c><8c>,9
VIDEO CAMERA,📹,\xF0\x9F\x93\xB9,<ed><a0><bd><ed><b3><b9>,0
VIDEO GAME,🎮,\xF0\x9F\x8E\xAE,<ed><a0><bc><ed><be><ae>,0
VIDEOCASSETTE,📼,\xF0\x9F\x93\xBC,<ed><a0><bd><ed><b3><bc>,0
VIOLIN,🎻,\xF0\x9F\x8E\xBB,<ed><a0><bc><ed><be><bb>,0
VIRGO,♍,\xE2\x99\x8D,<e2><99><8d>,0
VOLCANO,🌋,\xF0\x9F\x8C\x8B,<ed><a0><bc><ed><bc><8b>,0
WANING CRESCENT MOON SYMBOL,🌘,\xF0\x9F\x8C\x98,<ed><a0><bc><ed><bc><98>,0
WANING GIBBOUS MOON SYMBOL,🌖,\xF0\x9F\x8C\x96,<ed><a0><bc><ed><bc><96>,0
WARNING SIGN,⚠,\xE2\x9A\xA0,<e2><9a><a0>,0
WATCH,⌚,\xE2\x8C\x9A,<e2><8c><9a>,0
WATER BUFFALO,🐃,\xF0\x9F\x90\x83,<ed><a0><bd><ed><b0><83>,0
WATER CLOSET,🚾,\xF0\x9F\x9A\xBE,<ed><a0><bd><ed><ba><be>,0
WATER WAVE,🌊,\xF0\x9F\x8C\x8A,<ed><a0><bc><ed><bc><8a>,0
WATERMELON,🍉,\xF0\x9F\x8D\x89,<ed><a0><bc><ed><bd><89>,0
WAVING HAND SIGN,👋,\xF0\x9F\x91\x8B,<ed><a0><bd><ed><b1><8b>,9
WAVY DASH,〰,\xE3\x80\xB0,<e3><80><b0>,0
WAXING CRESCENT MOON SYMBOL,🌒,\xF0\x9F\x8C\x92,<ed><a0><bc><ed><bc><92>,0
WAXING GIBBOUS MOON SYMBOL,🌔,\xF0\x9F\x8C\x94,<ed><a0><bc><ed><bc><94>,0
WEARY CAT FACE,🙀,\xF0\x9F\x99\x80,<ed><a0><bd><ed><b9><80>,-9
WEARY FACE,😩,\xF0\x9F\x98\xA9,<ed><a0><bd><ed><b8><a9>,-9
WEDDING,💒,\xF0\x9F\x92\x92,<ed><a0><bd><ed><b2><92>,0
WHALE,🐋,\xF0\x9F\x90\x8B,<ed><a0><bd><ed><b0><8b>,0
WHEELCHAIR SYMBOL,♿,\xE2\x99\xBF,<e2><99><bf>,0
WHITE DOWN POINTING BACKHAND INDEX,👇,\xF0\x9F\x91\x87,<ed><a0><bd><ed><b1><87>,0
WHITE EXCLAMATION MARK ORNAMENT,❕,\xE2\x9D\x95,<e2><9d><95>,0
WHITE FLOWER,💮,\xF0\x9F\x92\xAE,<ed><a0><bd><ed><b2><ae>,0
WHITE HEAVY CHECK MARK,✅,\xE2\x9C\x85,<e2><9c><85>,0
WHITE LARGE SQUARE,⬜,\xE2\xAC\x9C,<e2><ac><9c>,0
WHITE LEFT POINTING BACKHAND INDEX,👈,\xF0\x9F\x91\x88,<ed><a0><bd><ed><b1><88>,0
WHITE MEDIUM SMALL SQUARE,◽,\xE2\x97\xBD,<e2><97><bd>,0
WHITE MEDIUM SQUARE,◻,\xE2\x97\xBB,<e2><97><bb>,0
WHITE MEDIUM STAR,⭐,\xE2\xAD\x90,<e2><ad><90>,9
WHITE QUESTION MARK ORNAMENT,❔,\xE2\x9D\x94,<e2><9d><94>,0
WHITE RIGHT POINTING BACKHAND INDEX,👉,\xF0\x9F\x91\x89,<ed><a0><bd><ed><b1><89>,0
WHITE SMALL SQUARE,▫,\xE2\x96\xAB,<e2><96><ab>,0
WHITE SMILING FACE,☺,\xE2\x98\xBA,<e2><98><ba>,9
WHITE SQUARE BUTTON,🔳,\xF0\x9F\x94\xB3,<ed><a0><bd><ed><b4><b3>,0
WHITE UP POINTING BACKHAND INDEX,👆,\xF0\x9F\x91\x86,<ed><a0><bd><ed><b1><86>,0
WHITE UP POINTING INDEX,☝,\xE2\x98\x9D,<e2><98><9d>,9
WIND CHIME,🎐,\xF0\x9F\x8E\x90,<ed><a0><bc><ed><be><90>,0
WINE GLASS,🍷,\xF0\x9F\x8D\xB7,<ed><a0><bc><ed><bd><b7>,9
WINKING FACE,😉,\xF0\x9F\x98\x89,<ed><a0><bd><ed><b8><89>,9
WOLF FACE,🐺,\xF0\x9F\x90\xBA,<ed><a0><bd><ed><b0><ba>,0
WOMAN,👩,\xF0\x9F\x91\xA9,<ed><a0><bd><ed><b1><a9>,9
WOMAN WITH BUNNY EARS,👯,\xF0\x9F\x91\xAF,<ed><a0><bd><ed><b1><af>,9
WOMANS BOOTS,👢,\xF0\x9F\x91\xA2,<ed><a0><bd><ed><b1><a2>,0
WOMANS CLOTHES,👚,\xF0\x9F\x91\x9A,<ed><a0><bd><ed><b1><9a>,0
WOMANS HAT,👒,\xF0\x9F\x91\x92,<ed><a0><bd><ed><b1><92>,0
WOMANS SANDAL,👡,\xF0\x9F\x91\xA1,<ed><a0><bd><ed><b1><a1>,0
WOMENS SYMBOL,🚺,\xF0\x9F\x9A\xBA,<ed><a0><bd><ed><ba><ba>,0
WORRIED FACE,😟,\xF0\x9F\x98\x9F,<ed><a0><bd><ed><b8><9f>,-9
WRAPPED PRESENT,🎁,\xF0\x9F\x8E\x81,<ed><a0><bc><ed><be><81>,0
WRENCH,🔧,\xF0\x9F\x94\xA7,<ed><a0><bd><ed><b4><a7>,0
YELLOW HEART,💛,\xF0\x9F\x92\x9B,<ed><a0><bd><ed><b2><9b>,9